-- phpMyAdmin SQL Dump
-- version 5.2.1
-- https://www.phpmyadmin.net/
--
-- Hôte : 127.0.0.1:3306
-- Généré le : dim. 24 nov. 2024 à 23:05
-- Version du serveur : 10.4.28-MariaDB
-- Version de PHP : 8.2.18

SET SQL_MODE = "NO_AUTO_VALUE_ON_ZERO";
START TRANSACTION;
SET time_zone = "+00:00";


/*!40101 SET @OLD_CHARACTER_SET_CLIENT=@@CHARACTER_SET_CLIENT */;
/*!40101 SET @OLD_CHARACTER_SET_RESULTS=@@CHARACTER_SET_RESULTS */;
/*!40101 SET @OLD_COLLATION_CONNECTION=@@COLLATION_CONNECTION */;
/*!40101 SET NAMES utf8mb4 */;

--
-- Base de données : `e_commerce_sql`
--

-- --------------------------------------------------------

--
-- Structure de la table `address`
--

DROP TABLE IF EXISTS `address`;
CREATE TABLE IF NOT EXISTS `address` (
  `id` int(11) NOT NULL AUTO_INCREMENT,
  `users_id` int(11) NOT NULL,
  `street` varchar(100) DEFAULT NULL,
  `city` varchar(50) DEFAULT NULL,
  `postal_code` varchar(10) DEFAULT NULL,
  `country` varchar(50) DEFAULT NULL,
  PRIMARY KEY (`id`),
  KEY `fk_address_users` (`users_id`)
) ENGINE=InnoDB AUTO_INCREMENT=201 DEFAULT CHARSET=utf8mb4 COLLATE=utf8mb4_general_ci;

--
-- Déchargement des données de la table `address`
--

INSERT INTO `address` (`id`, `users_id`, `street`, `city`, `postal_code`, `country`) VALUES
(1, 1, '07691 Hammond Corners', 'Ortizton', '42330', 'Saint Lucia'),
(2, 2, '99324 Glenn Branch', 'West Ashley', '18067', 'Argentina'),
(3, 3, '8739 Lindsay Islands', 'East Carrieport', '57274', 'Samoa'),
(4, 4, '644 Kimberly Mountain Suite 638', 'Isaiahtown', '35233', 'Australia'),
(5, 5, '1940 Garrett Crest', 'Johnsonshire', '66508', 'South Africa'),
(6, 6, '45952 Bass Villages Apt. 092', 'Port Jeffrey', '05966', 'Uzbekistan'),
(7, 7, '0339 Steven Throughway Suite 123', 'Josephberg', '59056', 'Ghana'),
(8, 8, '9603 Richardson Fork', 'Emilychester', '28614', 'Macao'),
(9, 9, '34218 Brittany Trafficway', 'Tammyfurt', '89156', 'Bangladesh'),
(10, 10, '069 Bethany Inlet Suite 210', 'East John', '12572', 'Jamaica'),
(11, 11, '746 Santiago Cape', 'Joshuastad', '75989', 'Nauru'),
(12, 12, '06292 Bird Corners Suite 397', 'Jenniferville', '39091', 'Cambodia'),
(13, 13, '162 Allison Shores', 'Port Kimberlybury', '53643', 'Zambia'),
(14, 14, '17612 Sarah Fields Suite 222', 'Martinezfurt', '22657', 'Guinea-Bissau'),
(15, 15, '40700 Hicks Fields', 'Smithview', '88216', 'Barbados'),
(16, 16, '66749 Jacqueline Terrace Apt. 492', 'West Bryanton', '70377', 'Cook Islands'),
(17, 17, '56811 Davis Junction', 'South Bonniechester', '15125', 'United States Minor Outlying Islands'),
(18, 18, '2793 Susan River Suite 955', 'Port Bradleyborough', '26720', 'Moldova'),
(19, 19, '1643 Estrada Mews', 'Brandonland', '10118', 'French Guiana'),
(20, 20, '1123 Randall Course Suite 985', 'Martinezstad', '43706', 'Israel'),
(21, 21, '70215 Nicholas Spurs', 'New Charles', '82088', 'Sudan'),
(22, 22, '12536 Spencer Track Apt. 341', 'North Josephbury', '91057', 'Panama'),
(23, 23, '0250 Kelly Isle Suite 608', 'New Jonathan', '44714', 'Bulgaria'),
(24, 24, '181 Scott Creek', 'New Davidland', '77539', 'Dominica'),
(25, 25, '3646 Richard Pines Suite 548', 'West Jamie', '21755', 'Spain'),
(26, 26, '79302 Joshua Ways Suite 575', 'New Jenniferport', '17907', 'New Caledonia'),
(27, 27, '4307 Brown Square Suite 451', 'East Eduardoland', '16004', 'Burkina Faso'),
(28, 28, '1807 Stanley Station', 'Johnnyville', '06939', 'Iceland'),
(29, 29, '2768 Leonard Island', 'Port Jennifertown', '30767', 'Georgia'),
(30, 30, '5576 Bishop Divide', 'North Diane', '24223', 'Portugal'),
(31, 31, '0716 Meadows Mission', 'Tinafurt', '88179', 'Antigua and Barbuda'),
(32, 32, '5131 Stewart Wells Apt. 873', 'West Johnnyborough', '07634', 'Mauritius'),
(33, 33, '61294 Maddox Mews Suite 354', 'Amychester', '83625', 'Wallis and Futuna'),
(34, 34, '8799 Pearson Mountain', 'North Eric', '02622', 'Uzbekistan'),
(35, 35, '10415 Harrison Trafficway Suite 200', 'Zamorahaven', '96503', 'United Arab Emirates'),
(36, 36, '6029 Valdez Roads', 'Chadmouth', '83981', 'Vietnam'),
(37, 37, '343 Bonilla Extension Suite 890', 'Lake Carmenland', '70911', 'Mozambique'),
(38, 38, '793 Reeves Square Apt. 561', 'Lake Candiceburgh', '10346', 'Jersey'),
(39, 39, '24300 Laura Harbors', 'East Douglasfurt', '35895', 'Singapore'),
(40, 40, '7406 May Terrace', 'Adamsmouth', '56368', 'Pakistan'),
(41, 41, '849 Parker Turnpike Apt. 063', 'Port Joan', '68988', 'Austria'),
(42, 42, '1621 Amber Crescent', 'South Christopherberg', '68171', 'Micronesia'),
(43, 43, '489 Fleming Brook', 'New Patricia', '02253', 'Russian Federation'),
(44, 44, '86535 Beltran Field Suite 538', 'New Jenniferchester', '13127', 'Iceland'),
(45, 45, '852 Matthew Mission Apt. 022', 'Tonyaport', '78671', 'Samoa'),
(46, 46, '0753 Joan Rest Suite 141', 'Lake Josemouth', '48124', 'Dominican Republic'),
(47, 47, '34650 Bryan Glens', 'New Shannonstad', '21024', 'Ghana'),
(48, 48, '60382 Perez Meadow Suite 800', 'New Marco', '71746', 'Luxembourg'),
(49, 49, '50122 West Alley', 'South Scottfurt', '84594', 'Estonia'),
(50, 50, '72240 Theresa Gateway', 'Mendezton', '88048', 'Qatar'),
(51, 1, '7217 Anthony Trail Suite 216', 'South Shannonside', '73068', 'Afghanistan'),
(52, 2, '08950 Wilson Road Suite 178', 'South Hayden', '26771', 'Guadeloupe'),
(53, 3, '6060 Clarence Springs', 'Pattersonhaven', '94250', 'Western Sahara'),
(54, 4, '399 Hunter Brook Apt. 965', 'South Lisaburgh', '91110', 'Costa Rica'),
(55, 5, '8561 Frederick Pine Apt. 708', 'Cervantesmouth', '32139', 'Madagascar'),
(56, 6, '6326 Mayo Islands Suite 493', 'Reedville', '34333', 'Liberia'),
(57, 7, '8529 Chapman Viaduct', 'Brianfort', '62264', 'Indonesia'),
(58, 8, '5072 Marissa Grove Apt. 913', 'North Lauren', '55452', 'Sao Tome and Principe'),
(59, 9, '54815 Carter Burgs', 'North Lindatown', '10110', 'Hungary'),
(60, 10, '313 Carly Forge', 'Parkerhaven', '57808', 'Liechtenstein'),
(61, 11, '5748 Anthony Parkway', 'East Curtiston', '34749', 'Australia'),
(62, 12, '35638 Sloan Village Apt. 731', 'Margaretborough', '14208', 'Comoros'),
(63, 13, '6010 Don Locks Suite 245', 'East Robert', '72402', 'Pakistan'),
(64, 14, '7755 Caroline Stream Apt. 641', 'Harrisonport', '53182', 'Serbia'),
(65, 15, '0808 Kimberly Freeway', 'Sanchezstad', '23660', 'Brazil'),
(66, 16, '18469 Beard Ports', 'Port Sherryton', '86338', 'Nauru'),
(67, 17, '545 Conway Ranch', 'Christopherland', '24019', 'Namibia'),
(68, 18, '812 Mcguire Plain Suite 005', 'West Amy', '60410', 'Niue'),
(69, 19, '59378 Brandon Mills Apt. 573', 'East Emily', '58843', 'British Virgin Islands'),
(70, 20, '91139 Flores Overpass Suite 974', 'North Cheyenneport', '46243', 'Mayotte'),
(71, 21, '05802 Laura Camp Suite 979', 'Jenniferview', '46379', 'Finland'),
(72, 22, '422 Michael Roads', 'Michaelport', '23463', 'Tajikistan'),
(73, 23, '29129 Gregory Street Apt. 520', 'Hammondport', '88067', 'Malawi'),
(74, 24, '4279 Kaitlin Valley', 'Medinaland', '03865', 'Panama'),
(75, 25, '2826 Moss Terrace Suite 752', 'Lake Julieview', '61471', 'Gabon'),
(76, 26, '414 Klein Roads Apt. 414', 'Lake Dylan', '67347', 'Cuba'),
(77, 27, '1838 Rangel Summit', 'Angelicachester', '48469', 'Jordan'),
(78, 28, '328 Shannon Cape Suite 285', 'North Brent', '46439', 'Montenegro'),
(79, 29, '23179 Grant Center', 'Ginaland', '81835', 'Cocos (Keeling) Islands'),
(80, 30, '634 Randy Expressway Apt. 143', 'Port Donaldbury', '22562', 'Lao People\'s Democratic Republic'),
(81, 31, '31895 Joshua Village Suite 152', 'Thomasville', '05499', 'Suriname'),
(82, 32, '08850 Tristan Loaf', 'East Brittany', '36643', 'Paraguay'),
(83, 33, '1374 Austin Harbors', 'Gibbsmouth', '11900', 'Malta'),
(84, 34, '1870 Hannah Spring Apt. 806', 'Petersenhaven', '97970', 'Norway'),
(85, 35, '850 Wheeler Mountains', 'Gloriashire', '60580', 'Uzbekistan'),
(86, 36, '529 Ashley Harbors Suite 131', 'Port Sarah', '99645', 'Spain'),
(87, 37, '535 Horn Roads Suite 894', 'Port Kimberly', '93972', 'Indonesia'),
(88, 38, '53324 Lopez Isle', 'Brownhaven', '65852', 'Pitcairn Islands'),
(89, 39, '8079 Smith Crossroad', 'Lake Steven', '79871', 'Papua New Guinea'),
(90, 40, '0819 Ann Village', 'New Kathleen', '22516', 'Sao Tome and Principe'),
(91, 41, '9905 Elizabeth Meadows Apt. 094', 'Lake Leah', '41334', 'Japan'),
(92, 42, '389 Dana Pine', 'Scottview', '57627', 'Greece'),
(93, 43, '6714 Burns Village', 'West Natasha', '31975', 'British Indian Ocean Territory (Chagos Archipelago'),
(94, 44, '670 Kimberly Rest', 'East Chelsea', '52803', 'Australia'),
(95, 45, '513 Jeremy Point Suite 872', 'Port Taylorhaven', '15467', 'Dominica'),
(96, 46, '62667 Miller Neck Apt. 738', 'Huntberg', '86513', 'Angola'),
(97, 47, '664 Michelle Roads', 'Port Richardton', '23660', 'Heard Island and McDonald Islands'),
(98, 48, '1367 Vargas Prairie', 'East Robert', '58155', 'Nauru'),
(99, 49, '223 Martinez Rapids', 'New Jeffreyborough', '76281', 'Antigua and Barbuda'),
(100, 50, '746 Barr Courts', 'South Bradleyberg', '70456', 'Jamaica'),
(101, 1, '1317 Amanda Streets', 'Shawnberg', '44459', 'Uzbekistan'),
(102, 2, '94209 Brady Crossroad', 'Lake Erichaven', '21553', 'South Africa'),
(103, 3, '5829 Steven Fork', 'East Hannah', '34573', 'North Macedonia'),
(104, 4, '91165 Janet Trail', 'Juanmouth', '84293', 'Brazil'),
(105, 5, '86937 Angela Views Apt. 226', 'Lake Crystalmouth', '66769', 'Croatia'),
(106, 6, '43658 Waters Extensions Apt. 576', 'West Tyler', '07442', 'Grenada'),
(107, 7, '392 Nathan Road Suite 625', 'Vargaston', '81670', 'Bolivia'),
(108, 8, '19190 Miller Curve', 'Lake Edwinstad', '55211', 'Ukraine'),
(109, 9, '111 Spence Run Suite 011', 'North Donnaport', '71380', 'Cameroon'),
(110, 10, '36563 Richard Shore', 'Walkerside', '50881', 'French Southern Territories'),
(111, 11, '119 Samantha Meadows', 'Lake Rachel', '09766', 'Bangladesh'),
(112, 12, '434 Jeremiah Island', 'Robinbury', '88622', 'New Caledonia'),
(113, 13, '529 Cynthia Viaduct', 'Rubenburgh', '17115', 'Portugal'),
(114, 14, '1711 Nguyen Flat Apt. 758', 'South Cynthia', '34975', 'Serbia'),
(115, 15, '4436 Timothy Bypass', 'East Tonyamouth', '58071', 'Swaziland'),
(116, 16, '900 Wood Center Apt. 628', 'West Samuelborough', '09357', 'Myanmar'),
(117, 17, '80954 Frank Mountains', 'Laurenville', '44828', 'United States of America'),
(118, 18, '4111 Mendoza Plains Suite 814', 'New Scott', '23247', 'Germany'),
(119, 19, '5986 Miller Centers', 'Lake Kimberlyside', '43168', 'Austria'),
(120, 20, '371 Henderson Harbor', 'West Megan', '28841', 'Guam'),
(121, 21, '604 Garner Shoals', 'Schwartzstad', '40953', 'Oman'),
(122, 22, '4369 King Falls Apt. 418', 'Lake John', '96980', 'Guinea-Bissau'),
(123, 23, '562 Dorothy Square', 'Ericksonfurt', '54054', 'Saint Kitts and Nevis'),
(124, 24, '66348 Anderson Haven Suite 718', 'Whiteborough', '40487', 'Nigeria'),
(125, 25, '172 Brooks Island Apt. 243', 'Zacharyview', '94527', 'Antigua and Barbuda'),
(126, 26, '69864 Lauren Fall', 'Smithside', '58428', 'Jordan'),
(127, 27, '9639 Anderson Lake', 'Port Jerry', '07646', 'Albania'),
(128, 28, '0688 Thomas Course', 'Martinezburgh', '28057', 'Chad'),
(129, 29, '344 Mitchell Common Apt. 238', 'Lake Megan', '21795', 'Equatorial Guinea'),
(130, 30, '96344 Scott Meadow', 'Johnport', '67874', 'Hong Kong'),
(131, 31, '239 Lori Green Suite 501', 'West Josehaven', '97227', 'India'),
(132, 32, '90444 Patterson Islands Apt. 893', 'Huberburgh', '46719', 'Slovenia'),
(133, 33, '1596 Alisha Shoals', 'North Joshuaberg', '95402', 'Niger'),
(134, 34, '15296 Ward Meadow', 'Pittsberg', '61177', 'Namibia'),
(135, 35, '11707 Robert Harbors', 'New Kelsey', '30603', 'Anguilla'),
(136, 36, '634 Michael Ville', 'Melissaport', '47397', 'Lesotho'),
(137, 37, '17868 Anthony Turnpike Suite 955', 'Bridgesside', '65903', 'Kenya'),
(138, 38, '7412 Jackson Light Suite 937', 'New Jennifer', '81049', 'Tokelau'),
(139, 39, '717 Amy Garden', 'South Destiny', '33490', 'Ukraine'),
(140, 40, '67552 Rodriguez Mount', 'Jeffhaven', '71239', 'Vanuatu'),
(141, 41, '942 Esparza Ferry', 'Rossborough', '14481', 'Cambodia'),
(142, 42, '73198 Kelly Course', 'New David', '68832', 'Ecuador'),
(143, 43, '066 Hall Lake Suite 833', 'Lake Stephen', '10042', 'Switzerland'),
(144, 44, '4906 Ruiz Causeway Suite 991', 'Brianville', '59368', 'Korea'),
(145, 45, '824 Joseph Shores Suite 407', 'Hernandezshire', '59249', 'Uruguay'),
(146, 46, '9388 Bowman Crossroad Suite 868', 'North Heatherside', '08826', 'Martinique'),
(147, 47, '4636 Smith Turnpike', 'Mistyland', '47507', 'Netherlands'),
(148, 48, '712 David Run Suite 888', 'Kramerberg', '33276', 'Somalia'),
(149, 49, '08032 John Meadows Apt. 166', 'Johnshire', '94712', 'Monaco'),
(150, 50, '6445 Wilson Light', 'Vaughnfort', '39418', 'Kiribati'),
(151, 1, '54436 Keith Curve', 'South Jessicaview', '48083', 'Guinea-Bissau'),
(152, 2, '13708 Boone Creek Suite 279', 'Millerton', '95394', 'Antarctica (the territory South of 60 deg S)'),
(153, 3, '538 Kristen Crossroad', 'North John', '20722', 'Venezuela'),
(154, 4, '144 Powell Highway', 'South David', '79952', 'Turkmenistan'),
(155, 5, '0818 Paul Parkways Apt. 892', 'Johnmouth', '60801', 'Belize'),
(156, 6, '91952 Lee Circle Suite 986', 'New Justinport', '80175', 'Seychelles'),
(157, 7, '65319 Peter Union Suite 687', 'Port Richard', '95418', 'Bahamas'),
(158, 8, '14924 Nicholas Ways', 'Perezside', '00829', 'Chad'),
(159, 9, '7507 Lauren Circles Suite 563', 'South Earlchester', '31747', 'Japan'),
(160, 10, '2526 Ivan Forge', 'Samanthachester', '16938', 'French Guiana'),
(161, 11, '29394 Rachael Skyway', 'Wareton', '66418', 'Ethiopia'),
(162, 12, '2778 David Court Suite 272', 'North Paulabury', '21945', 'Chile'),
(163, 13, '955 Reid Port Suite 412', 'West Kurtburgh', '05715', 'Faroe Islands'),
(164, 14, '612 Brian Streets Suite 901', 'Port Kimberly', '45798', 'Kyrgyz Republic'),
(165, 15, '0089 Harris Villages', 'Ryanchester', '79200', 'Trinidad and Tobago'),
(166, 16, '58512 Theresa Lane', 'East Emily', '04554', 'Saint Lucia'),
(167, 17, '314 Gina Overpass', 'New Taylormouth', '13165', 'Bahamas'),
(168, 18, '83490 Jennifer Crest Suite 376', 'East Tanyafort', '84319', 'Georgia'),
(169, 19, '496 Sherry Way', 'Andreachester', '99724', 'Costa Rica'),
(170, 20, '494 Charles Alley', 'Kennedyton', '50348', 'American Samoa'),
(171, 21, '6630 Antonio Islands', 'Port Tanya', '83233', 'Micronesia'),
(172, 22, '4646 Huang Loop', 'Lake Nathan', '16827', 'Reunion'),
(173, 23, '79656 Jesse Throughway Apt. 116', 'South Teresamouth', '08907', 'Sierra Leone'),
(174, 24, '5530 Stephanie Route', 'Lake Zacharyhaven', '19390', 'Lao People\'s Democratic Republic'),
(175, 25, '04087 Clay Isle Apt. 992', 'West Teresastad', '97014', 'Bosnia and Herzegovina'),
(176, 26, '7789 Martin Forges', 'New Carlos', '79524', 'Saint Kitts and Nevis'),
(177, 27, '24760 Mark Well', 'South Veronicaton', '94493', 'Germany'),
(178, 28, '5533 Johnston Spring', 'South Natalie', '48458', 'Algeria'),
(179, 29, '03502 Shannon Fields Apt. 416', 'Thomaston', '24464', 'Tajikistan'),
(180, 30, '7149 Cassandra Turnpike Suite 423', 'Lake Joshua', '69009', 'Guatemala'),
(181, 31, '061 Joshua Road Apt. 518', 'Alexandrafurt', '13809', 'Northern Mariana Islands'),
(182, 32, '215 David Center Suite 465', 'Lake Michael', '85896', 'Russian Federation'),
(183, 33, '41538 Ortiz Highway Suite 798', 'Amandatown', '39132', 'Macao'),
(184, 34, '4385 Anderson Orchard', 'New Richardville', '90789', 'Belarus'),
(185, 35, '05361 Brown Unions Suite 354', 'Hermanberg', '45705', 'Malaysia'),
(186, 36, '63819 Paula Greens Apt. 503', 'South Taylor', '27092', 'Togo'),
(187, 37, '568 Smith Plains', 'Brandontown', '61842', 'Seychelles'),
(188, 38, '23020 Gilmore Spur Suite 284', 'East Randyville', '59794', 'Bosnia and Herzegovina'),
(189, 39, '8569 Rojas Passage Suite 014', 'North Michelleborough', '04775', 'Reunion'),
(190, 40, '9482 Delgado Plaza', 'Hoffmanton', '28161', 'Kiribati'),
(191, 41, '67558 Shaffer Square Apt. 927', 'East Isaactown', '59446', 'Guadeloupe'),
(192, 42, '2846 Perez Rue', 'Lake Davidbury', '42026', 'Wallis and Futuna'),
(193, 43, '19026 Maria Circles', 'Thompsonberg', '72801', 'Turks and Caicos Islands'),
(194, 44, '60757 Anthony Ports Suite 538', 'Jenniferburgh', '10491', 'Austria'),
(195, 45, '210 Allen Drive', 'Port Courtney', '12728', 'Saint Barthelemy'),
(196, 46, '720 Kylie Knolls Apt. 439', 'Port Gregoryton', '46545', 'Luxembourg'),
(197, 47, '864 Jamie Lake Suite 023', 'Nicholasbury', '70276', 'Syrian Arab Republic'),
(198, 48, '6936 Robertson Shoal Apt. 280', 'West Chelseahaven', '12248', 'Senegal'),
(199, 49, '293 Alexander Rest', 'Adamsland', '10252', 'Nicaragua'),
(200, 50, '37471 Lisa Mountains', 'Allenton', '18638', 'Jamaica');

-- --------------------------------------------------------

--
-- Structure de la table `cart`
--

DROP TABLE IF EXISTS `cart`;
CREATE TABLE IF NOT EXISTS `cart` (
  `id` int(11) NOT NULL AUTO_INCREMENT,
  `users_id` int(11) NOT NULL,
  PRIMARY KEY (`id`),
  KEY `fk_cart_users` (`users_id`)
) ENGINE=InnoDB AUTO_INCREMENT=201 DEFAULT CHARSET=utf8mb4 COLLATE=utf8mb4_general_ci;

--
-- Déchargement des données de la table `cart`
--

INSERT INTO `cart` (`id`, `users_id`) VALUES
(1, 1),
(51, 1),
(101, 1),
(151, 1),
(2, 2),
(52, 2),
(102, 2),
(152, 2),
(3, 3),
(53, 3),
(103, 3),
(153, 3),
(4, 4),
(54, 4),
(104, 4),
(154, 4),
(5, 5),
(55, 5),
(105, 5),
(155, 5),
(6, 6),
(56, 6),
(106, 6),
(156, 6),
(7, 7),
(57, 7),
(107, 7),
(157, 7),
(8, 8),
(58, 8),
(108, 8),
(158, 8),
(9, 9),
(59, 9),
(109, 9),
(159, 9),
(10, 10),
(60, 10),
(110, 10),
(160, 10),
(11, 11),
(61, 11),
(111, 11),
(161, 11),
(12, 12),
(62, 12),
(112, 12),
(162, 12),
(13, 13),
(63, 13),
(113, 13),
(163, 13),
(14, 14),
(64, 14),
(114, 14),
(164, 14),
(15, 15),
(65, 15),
(115, 15),
(165, 15),
(16, 16),
(66, 16),
(116, 16),
(166, 16),
(17, 17),
(67, 17),
(117, 17),
(167, 17),
(18, 18),
(68, 18),
(118, 18),
(168, 18),
(19, 19),
(69, 19),
(119, 19),
(169, 19),
(20, 20),
(70, 20),
(120, 20),
(170, 20),
(21, 21),
(71, 21),
(121, 21),
(171, 21),
(22, 22),
(72, 22),
(122, 22),
(172, 22),
(23, 23),
(73, 23),
(123, 23),
(173, 23),
(24, 24),
(74, 24),
(124, 24),
(174, 24),
(25, 25),
(75, 25),
(125, 25),
(175, 25),
(26, 26),
(76, 26),
(126, 26),
(176, 26),
(27, 27),
(77, 27),
(127, 27),
(177, 27),
(28, 28),
(78, 28),
(128, 28),
(178, 28),
(29, 29),
(79, 29),
(129, 29),
(179, 29),
(30, 30),
(80, 30),
(130, 30),
(180, 30),
(31, 31),
(81, 31),
(131, 31),
(181, 31),
(32, 32),
(82, 32),
(132, 32),
(182, 32),
(33, 33),
(83, 33),
(133, 33),
(183, 33),
(34, 34),
(84, 34),
(134, 34),
(184, 34),
(35, 35),
(85, 35),
(135, 35),
(185, 35),
(36, 36),
(86, 36),
(136, 36),
(186, 36),
(37, 37),
(87, 37),
(137, 37),
(187, 37),
(38, 38),
(88, 38),
(138, 38),
(188, 38),
(39, 39),
(89, 39),
(139, 39),
(189, 39),
(40, 40),
(90, 40),
(140, 40),
(190, 40),
(41, 41),
(91, 41),
(141, 41),
(191, 41),
(42, 42),
(92, 42),
(142, 42),
(192, 42),
(43, 43),
(93, 43),
(143, 43),
(193, 43),
(44, 44),
(94, 44),
(144, 44),
(194, 44),
(45, 45),
(95, 45),
(145, 45),
(195, 45),
(46, 46),
(96, 46),
(146, 46),
(196, 46),
(47, 47),
(97, 47),
(147, 47),
(197, 47),
(48, 48),
(98, 48),
(148, 48),
(198, 48),
(49, 49),
(99, 49),
(149, 49),
(199, 49),
(50, 50),
(100, 50),
(150, 50),
(200, 50);

-- --------------------------------------------------------

--
-- Structure de la table `cart_item`
--

DROP TABLE IF EXISTS `cart_item`;
CREATE TABLE IF NOT EXISTS `cart_item` (
  `id` int(11) NOT NULL AUTO_INCREMENT,
  `cart_id` int(11) NOT NULL,
  `product_id` int(11) NOT NULL,
  `quantity` int(11) NOT NULL,
  PRIMARY KEY (`id`),
  KEY `fk_cart_item_cart` (`cart_id`),
  KEY `fk_cart_item_product` (`product_id`)
) ENGINE=InnoDB AUTO_INCREMENT=589 DEFAULT CHARSET=utf8mb4 COLLATE=utf8mb4_general_ci;

--
-- Déchargement des données de la table `cart_item`
--

INSERT INTO `cart_item` (`id`, `cart_id`, `product_id`, `quantity`) VALUES
(1, 1, 83, 1),
(2, 1, 4, 1),
(3, 1, 58, 2),
(4, 1, 5, 1),
(5, 2, 68, 2),
(6, 2, 15, 3),
(7, 2, 27, 1),
(8, 2, 26, 1),
(9, 3, 60, 2),
(10, 3, 82, 1),
(11, 3, 44, 2),
(12, 3, 15, 1),
(13, 3, 34, 3),
(14, 4, 3, 2),
(15, 4, 35, 3),
(16, 5, 79, 1),
(17, 5, 31, 2),
(18, 5, 30, 2),
(19, 5, 8, 2),
(20, 5, 7, 3),
(21, 6, 81, 2),
(22, 6, 4, 1),
(23, 6, 33, 3),
(24, 6, 30, 1),
(25, 6, 44, 3),
(26, 7, 25, 1),
(27, 7, 49, 2),
(28, 7, 10, 2),
(29, 7, 34, 1),
(30, 8, 58, 1),
(31, 8, 87, 2),
(32, 8, 100, 3),
(33, 8, 78, 3),
(34, 8, 1, 3),
(35, 9, 59, 1),
(36, 9, 15, 2),
(37, 9, 72, 1),
(38, 10, 52, 2),
(39, 10, 89, 2),
(40, 10, 8, 1),
(41, 10, 39, 3),
(42, 11, 19, 3),
(43, 11, 88, 3),
(44, 11, 55, 1),
(45, 11, 38, 1),
(46, 11, 11, 3),
(47, 12, 99, 1),
(48, 12, 54, 2),
(49, 12, 43, 1),
(50, 12, 75, 3),
(51, 13, 100, 2),
(52, 14, 99, 3),
(53, 15, 84, 2),
(54, 15, 71, 1),
(55, 15, 13, 2),
(56, 15, 99, 2),
(57, 15, 38, 2),
(58, 16, 22, 2),
(59, 17, 89, 3),
(60, 17, 71, 2),
(61, 17, 87, 1),
(62, 17, 53, 2),
(63, 17, 15, 3),
(64, 18, 70, 2),
(65, 19, 95, 3),
(66, 19, 55, 2),
(67, 20, 44, 1),
(68, 20, 30, 1),
(69, 21, 47, 1),
(70, 21, 59, 3),
(71, 21, 92, 3),
(72, 21, 73, 2),
(73, 22, 38, 3),
(74, 22, 57, 1),
(75, 23, 11, 1),
(76, 23, 13, 2),
(77, 23, 85, 2),
(78, 23, 22, 2),
(79, 24, 96, 2),
(80, 24, 83, 3),
(81, 24, 78, 1),
(82, 25, 61, 2),
(83, 25, 13, 1),
(84, 26, 50, 2),
(85, 26, 26, 2),
(86, 26, 61, 2),
(87, 26, 11, 2),
(88, 27, 58, 3),
(89, 27, 34, 3),
(90, 27, 9, 2),
(91, 28, 63, 1),
(92, 28, 60, 2),
(93, 28, 31, 2),
(94, 28, 14, 2),
(95, 29, 15, 2),
(96, 30, 56, 2),
(97, 31, 4, 3),
(98, 31, 21, 1),
(99, 31, 31, 2),
(100, 32, 26, 1),
(101, 33, 99, 3),
(102, 33, 71, 2),
(103, 33, 3, 3),
(104, 34, 84, 3),
(105, 34, 69, 2),
(106, 34, 99, 3),
(107, 34, 51, 3),
(108, 35, 50, 3),
(109, 35, 60, 2),
(110, 35, 75, 2),
(111, 35, 88, 2),
(112, 36, 40, 3),
(113, 36, 34, 2),
(114, 36, 35, 1),
(115, 37, 81, 1),
(116, 37, 77, 2),
(117, 38, 90, 1),
(118, 38, 29, 3),
(119, 38, 97, 1),
(120, 38, 55, 3),
(121, 39, 42, 1),
(122, 39, 10, 2),
(123, 39, 91, 1),
(124, 40, 64, 2),
(125, 41, 4, 3),
(126, 41, 73, 3),
(127, 41, 19, 2),
(128, 41, 51, 1),
(129, 41, 23, 3),
(130, 42, 8, 3),
(131, 42, 14, 2),
(132, 42, 26, 3),
(133, 43, 93, 2),
(134, 43, 43, 3),
(135, 43, 18, 2),
(136, 43, 34, 1),
(137, 44, 64, 2),
(138, 44, 54, 2),
(139, 44, 68, 3),
(140, 45, 82, 1),
(141, 45, 37, 2),
(142, 45, 5, 2),
(143, 46, 11, 1),
(144, 46, 84, 2),
(145, 47, 14, 2),
(146, 47, 47, 3),
(147, 47, 92, 2),
(148, 47, 53, 3),
(149, 48, 49, 1),
(150, 48, 40, 1),
(151, 48, 100, 3),
(152, 49, 43, 2),
(153, 49, 77, 3),
(154, 49, 71, 2),
(155, 50, 10, 2),
(156, 50, 91, 1),
(157, 50, 26, 2),
(158, 51, 36, 1),
(159, 51, 13, 1),
(160, 52, 59, 3),
(161, 53, 84, 1),
(162, 53, 94, 1),
(163, 53, 82, 1),
(164, 53, 10, 3),
(165, 54, 14, 2),
(166, 54, 70, 2),
(167, 55, 20, 3),
(168, 55, 32, 3),
(169, 56, 69, 3),
(170, 57, 48, 2),
(171, 58, 46, 2),
(172, 59, 100, 1),
(173, 59, 27, 3),
(174, 59, 23, 3),
(175, 59, 13, 1),
(176, 60, 17, 2),
(177, 60, 67, 1),
(178, 61, 45, 3),
(179, 61, 70, 1),
(180, 61, 35, 2),
(181, 61, 51, 1),
(182, 62, 100, 3),
(183, 62, 87, 1),
(184, 62, 25, 3),
(185, 62, 65, 1),
(186, 63, 98, 3),
(187, 63, 99, 2),
(188, 63, 98, 2),
(189, 64, 83, 1),
(190, 64, 36, 2),
(191, 64, 56, 1),
(192, 64, 85, 3),
(193, 64, 65, 2),
(194, 65, 19, 1),
(195, 65, 88, 3),
(196, 65, 9, 1),
(197, 65, 68, 2),
(198, 65, 71, 3),
(199, 66, 36, 3),
(200, 66, 35, 2),
(201, 66, 26, 2),
(202, 66, 86, 3),
(203, 67, 76, 1),
(204, 68, 48, 1),
(205, 68, 79, 3),
(206, 68, 67, 2),
(207, 68, 59, 3),
(208, 69, 64, 2),
(209, 70, 42, 3),
(210, 71, 20, 3),
(211, 71, 77, 2),
(212, 71, 86, 2),
(213, 71, 99, 2),
(214, 71, 2, 2),
(215, 72, 60, 2),
(216, 72, 88, 1),
(217, 72, 5, 3),
(218, 72, 47, 3),
(219, 73, 89, 3),
(220, 73, 99, 3),
(221, 73, 2, 1),
(222, 73, 44, 3),
(223, 73, 6, 3),
(224, 74, 8, 2),
(225, 74, 4, 1),
(226, 74, 48, 3),
(227, 75, 37, 1),
(228, 75, 12, 2),
(229, 75, 100, 3),
(230, 75, 54, 3),
(231, 76, 1, 2),
(232, 76, 94, 3),
(233, 76, 85, 3),
(234, 76, 90, 2),
(235, 77, 56, 1),
(236, 77, 6, 1),
(237, 77, 62, 1),
(238, 78, 73, 1),
(239, 78, 96, 3),
(240, 78, 95, 3),
(241, 78, 91, 1),
(242, 78, 87, 1),
(243, 79, 5, 2),
(244, 79, 84, 1),
(245, 79, 69, 1),
(246, 79, 22, 3),
(247, 80, 52, 3),
(248, 80, 37, 2),
(249, 81, 79, 1),
(250, 81, 84, 3),
(251, 81, 2, 1),
(252, 81, 66, 3),
(253, 82, 100, 1),
(254, 83, 24, 2),
(255, 83, 44, 3),
(256, 83, 94, 3),
(257, 83, 93, 1),
(258, 84, 60, 2),
(259, 84, 68, 2),
(260, 85, 39, 3),
(261, 86, 95, 1),
(262, 86, 64, 3),
(263, 86, 44, 2),
(264, 86, 83, 1),
(265, 86, 65, 1),
(266, 87, 43, 3),
(267, 87, 6, 1),
(268, 87, 26, 1),
(269, 88, 24, 1),
(270, 88, 4, 1),
(271, 88, 30, 1),
(272, 89, 91, 3),
(273, 89, 63, 1),
(274, 90, 72, 1),
(275, 90, 27, 3),
(276, 90, 21, 2),
(277, 90, 22, 3),
(278, 91, 41, 1),
(279, 91, 100, 1),
(280, 91, 16, 2),
(281, 91, 3, 2),
(282, 91, 92, 2),
(283, 92, 76, 1),
(284, 92, 40, 2),
(285, 92, 50, 1),
(286, 92, 72, 2),
(287, 92, 61, 1),
(288, 93, 87, 1),
(289, 93, 82, 3),
(290, 93, 78, 1),
(291, 93, 35, 2),
(292, 93, 58, 1),
(293, 94, 62, 3),
(294, 94, 57, 1),
(295, 94, 36, 1),
(296, 95, 34, 1),
(297, 95, 46, 3),
(298, 96, 95, 3),
(299, 96, 96, 1),
(300, 96, 29, 2),
(301, 97, 19, 1),
(302, 98, 65, 2),
(303, 98, 58, 1),
(304, 98, 22, 2),
(305, 98, 62, 2),
(306, 99, 5, 2),
(307, 99, 28, 2),
(308, 99, 33, 1),
(309, 99, 8, 1),
(310, 99, 96, 1),
(311, 100, 83, 1),
(312, 100, 67, 2),
(313, 100, 34, 1),
(314, 100, 63, 3),
(315, 100, 95, 1),
(316, 101, 14, 3),
(317, 101, 11, 1),
(318, 102, 64, 1),
(319, 102, 91, 1),
(320, 102, 11, 2),
(321, 103, 86, 1),
(322, 104, 22, 2),
(323, 104, 94, 2),
(324, 104, 24, 1),
(325, 104, 41, 1),
(326, 105, 28, 2),
(327, 105, 2, 2),
(328, 106, 89, 1),
(329, 106, 65, 2),
(330, 107, 87, 1),
(331, 107, 9, 3),
(332, 108, 36, 3),
(333, 108, 94, 2),
(334, 108, 96, 1),
(335, 108, 32, 2),
(336, 108, 93, 3),
(337, 109, 43, 1),
(338, 109, 35, 3),
(339, 109, 24, 1),
(340, 109, 55, 1),
(341, 110, 74, 1),
(342, 110, 22, 1),
(343, 111, 39, 1),
(344, 111, 24, 1),
(345, 111, 68, 2),
(346, 112, 16, 1),
(347, 113, 77, 1),
(348, 113, 49, 1),
(349, 113, 42, 3),
(350, 114, 71, 1),
(351, 114, 83, 2),
(352, 115, 80, 2),
(353, 115, 53, 1),
(354, 116, 76, 3),
(355, 116, 99, 2),
(356, 117, 83, 1),
(357, 117, 7, 3),
(358, 118, 28, 2),
(359, 118, 22, 3),
(360, 118, 20, 2),
(361, 118, 81, 2),
(362, 118, 56, 2),
(363, 119, 10, 2),
(364, 119, 60, 1),
(365, 119, 38, 1),
(366, 119, 59, 1),
(367, 119, 26, 1),
(368, 120, 83, 2),
(369, 120, 31, 1),
(370, 120, 87, 3),
(371, 120, 100, 2),
(372, 121, 38, 3),
(373, 121, 65, 2),
(374, 122, 68, 2),
(375, 122, 56, 1),
(376, 122, 9, 3),
(377, 122, 88, 3),
(378, 122, 85, 1),
(379, 123, 53, 1),
(380, 124, 86, 3),
(381, 124, 29, 2),
(382, 124, 97, 1),
(383, 124, 66, 2),
(384, 124, 33, 1),
(385, 125, 67, 2),
(386, 126, 63, 2),
(387, 126, 40, 2),
(388, 126, 56, 1),
(389, 126, 25, 1),
(390, 127, 97, 1),
(391, 127, 14, 2),
(392, 127, 12, 1),
(393, 127, 90, 3),
(394, 128, 8, 3),
(395, 128, 96, 3),
(396, 129, 1, 3),
(397, 129, 99, 1),
(398, 129, 77, 1),
(399, 130, 33, 1),
(400, 130, 19, 3),
(401, 130, 40, 2),
(402, 130, 98, 1),
(403, 130, 64, 3),
(404, 131, 54, 1),
(405, 131, 6, 2),
(406, 131, 55, 2),
(407, 131, 19, 2),
(408, 132, 85, 3),
(409, 132, 41, 3),
(410, 133, 65, 3),
(411, 133, 52, 1),
(412, 134, 74, 3),
(413, 134, 39, 1),
(414, 134, 69, 1),
(415, 135, 6, 1),
(416, 135, 14, 3),
(417, 135, 21, 3),
(418, 136, 73, 3),
(419, 136, 41, 1),
(420, 136, 42, 1),
(421, 136, 82, 1),
(422, 136, 59, 1),
(423, 137, 54, 2),
(424, 137, 98, 3),
(425, 137, 79, 1),
(426, 138, 51, 2),
(427, 138, 55, 3),
(428, 139, 40, 2),
(429, 139, 17, 1),
(430, 139, 10, 2),
(431, 139, 49, 1),
(432, 139, 51, 3),
(433, 140, 100, 2),
(434, 141, 19, 2),
(435, 142, 19, 2),
(436, 142, 29, 2),
(437, 142, 85, 3),
(438, 143, 70, 2),
(439, 143, 72, 3),
(440, 143, 56, 1),
(441, 143, 27, 1),
(442, 144, 46, 2),
(443, 144, 10, 1),
(444, 145, 64, 2),
(445, 145, 43, 1),
(446, 146, 84, 2),
(447, 147, 1, 1),
(448, 148, 41, 1),
(449, 148, 77, 3),
(450, 148, 63, 3),
(451, 148, 43, 1),
(452, 148, 36, 2),
(453, 149, 96, 3),
(454, 149, 17, 3),
(455, 150, 59, 3),
(456, 151, 8, 1),
(457, 152, 68, 1),
(458, 152, 16, 3),
(459, 152, 87, 3),
(460, 153, 88, 3),
(461, 153, 37, 3),
(462, 153, 48, 2),
(463, 153, 3, 1),
(464, 154, 78, 1),
(465, 155, 27, 1),
(466, 155, 34, 2),
(467, 156, 66, 3),
(468, 156, 84, 1),
(469, 156, 63, 3),
(470, 157, 59, 3),
(471, 157, 58, 3),
(472, 157, 23, 2),
(473, 158, 36, 1),
(474, 158, 100, 1),
(475, 158, 73, 3),
(476, 159, 93, 3),
(477, 159, 56, 3),
(478, 159, 96, 3),
(479, 159, 36, 1),
(480, 159, 18, 3),
(481, 160, 63, 1),
(482, 161, 48, 2),
(483, 162, 43, 1),
(484, 162, 100, 1),
(485, 162, 10, 1),
(486, 163, 29, 2),
(487, 163, 34, 1),
(488, 163, 78, 3),
(489, 163, 47, 1),
(490, 163, 8, 3),
(491, 164, 85, 3),
(492, 164, 91, 3),
(493, 165, 87, 1),
(494, 165, 88, 3),
(495, 166, 81, 3),
(496, 167, 42, 2),
(497, 167, 93, 1),
(498, 168, 96, 3),
(499, 169, 99, 3),
(500, 169, 62, 2),
(501, 169, 4, 2),
(502, 169, 21, 2),
(503, 170, 53, 3),
(504, 171, 66, 1),
(505, 171, 37, 3),
(506, 171, 32, 3),
(507, 171, 46, 1),
(508, 172, 54, 1),
(509, 172, 34, 3),
(510, 173, 11, 1),
(511, 173, 21, 3),
(512, 173, 75, 2),
(513, 173, 38, 3),
(514, 174, 92, 2),
(515, 174, 4, 1),
(516, 175, 35, 3),
(517, 175, 98, 3),
(518, 176, 45, 3),
(519, 176, 32, 1),
(520, 176, 3, 3),
(521, 176, 57, 3),
(522, 177, 35, 1),
(523, 177, 52, 2),
(524, 178, 26, 2),
(525, 178, 69, 2),
(526, 178, 9, 2),
(527, 178, 61, 1),
(528, 179, 77, 2),
(529, 179, 29, 2),
(530, 179, 96, 2),
(531, 179, 85, 2),
(532, 179, 67, 1),
(533, 180, 36, 1),
(534, 180, 79, 3),
(535, 181, 5, 3),
(536, 181, 22, 2),
(537, 181, 26, 2),
(538, 182, 71, 3),
(539, 182, 18, 2),
(540, 183, 26, 2),
(541, 183, 83, 3),
(542, 183, 39, 3),
(543, 183, 39, 2),
(544, 183, 2, 1),
(545, 184, 14, 3),
(546, 185, 5, 1),
(547, 185, 42, 2),
(548, 186, 41, 3),
(549, 186, 64, 1),
(550, 186, 88, 3),
(551, 186, 55, 3),
(552, 186, 69, 3),
(553, 187, 49, 1),
(554, 187, 38, 1),
(555, 188, 70, 3),
(556, 188, 50, 1),
(557, 189, 28, 2),
(558, 190, 45, 2),
(559, 191, 38, 1),
(560, 192, 23, 2),
(561, 192, 20, 1),
(562, 192, 11, 3),
(563, 193, 96, 2),
(564, 193, 18, 2),
(565, 193, 3, 1),
(566, 193, 36, 3),
(567, 193, 91, 3),
(568, 194, 45, 2),
(569, 194, 73, 1),
(570, 194, 64, 1),
(571, 194, 11, 1),
(572, 195, 82, 3),
(573, 195, 59, 1),
(574, 195, 87, 1),
(575, 195, 42, 3),
(576, 196, 36, 3),
(577, 196, 5, 3),
(578, 197, 22, 1),
(579, 197, 11, 3),
(580, 197, 98, 2),
(581, 197, 73, 2),
(582, 198, 9, 3),
(583, 198, 26, 1),
(584, 198, 14, 2),
(585, 198, 24, 2),
(586, 199, 26, 2),
(587, 200, 66, 2),
(588, 200, 2, 3);

-- --------------------------------------------------------

--
-- Structure de la table `command`
--

DROP TABLE IF EXISTS `command`;
CREATE TABLE IF NOT EXISTS `command` (
  `id` int(11) NOT NULL AUTO_INCREMENT,
  `cart_id` int(11) NOT NULL,
  `total_amount` decimal(10,2) NOT NULL,
  `payment_status` enum('pending','paid','cancelled') NOT NULL,
  PRIMARY KEY (`id`),
  KEY `fk_command_cart` (`cart_id`)
) ENGINE=InnoDB AUTO_INCREMENT=201 DEFAULT CHARSET=utf8mb4 COLLATE=utf8mb4_general_ci;

--
-- Déchargement des données de la table `command`
--

INSERT INTO `command` (`id`, `cart_id`, `total_amount`, `payment_status`) VALUES
(1, 1, 116.20, 'pending'),
(2, 2, 332.66, 'paid'),
(3, 3, 156.69, 'pending'),
(4, 4, 437.80, 'pending'),
(5, 5, 279.86, 'cancelled'),
(6, 6, 27.83, 'pending'),
(7, 7, 498.91, 'pending'),
(8, 8, 160.80, 'cancelled'),
(9, 9, 406.66, 'pending'),
(10, 10, 307.39, 'paid'),
(11, 11, 110.61, 'paid'),
(12, 12, 426.44, 'cancelled'),
(13, 13, 30.56, 'pending'),
(14, 14, 398.74, 'pending'),
(15, 15, 52.73, 'paid'),
(16, 16, 125.34, 'paid'),
(17, 17, 423.57, 'cancelled'),
(18, 18, 317.41, 'cancelled'),
(19, 19, 78.92, 'cancelled'),
(20, 20, 206.73, 'cancelled'),
(21, 21, 389.91, 'pending'),
(22, 22, 27.32, 'paid'),
(23, 23, 79.73, 'cancelled'),
(24, 24, 96.10, 'cancelled'),
(25, 25, 209.50, 'pending'),
(26, 26, 312.73, 'pending'),
(27, 27, 470.61, 'pending'),
(28, 28, 357.57, 'cancelled'),
(29, 29, 215.30, 'paid'),
(30, 30, 47.56, 'cancelled'),
(31, 31, 251.56, 'pending'),
(32, 32, 302.38, 'cancelled'),
(33, 33, 185.88, 'paid'),
(34, 34, 66.99, 'paid'),
(35, 35, 239.48, 'paid'),
(36, 36, 73.41, 'pending'),
(37, 37, 135.34, 'pending'),
(38, 38, 31.61, 'pending'),
(39, 39, 250.21, 'paid'),
(40, 40, 254.85, 'cancelled'),
(41, 41, 175.41, 'paid'),
(42, 42, 122.67, 'cancelled'),
(43, 43, 497.58, 'cancelled'),
(44, 44, 366.39, 'paid'),
(45, 45, 338.10, 'cancelled'),
(46, 46, 31.64, 'cancelled'),
(47, 47, 206.82, 'cancelled'),
(48, 48, 306.20, 'pending'),
(49, 49, 179.23, 'cancelled'),
(50, 50, 322.92, 'paid'),
(51, 1, 282.82, 'paid'),
(52, 2, 251.43, 'paid'),
(53, 3, 213.53, 'cancelled'),
(54, 4, 187.27, 'pending'),
(55, 5, 159.89, 'cancelled'),
(56, 6, 473.34, 'cancelled'),
(57, 7, 301.72, 'pending'),
(58, 8, 226.78, 'cancelled'),
(59, 9, 184.62, 'paid'),
(60, 10, 213.88, 'pending'),
(61, 11, 457.95, 'cancelled'),
(62, 12, 339.26, 'paid'),
(63, 13, 353.79, 'cancelled'),
(64, 14, 453.87, 'pending'),
(65, 15, 387.18, 'cancelled'),
(66, 16, 412.74, 'cancelled'),
(67, 17, 142.66, 'pending'),
(68, 18, 118.18, 'cancelled'),
(69, 19, 282.22, 'cancelled'),
(70, 20, 304.77, 'pending'),
(71, 21, 21.71, 'paid'),
(72, 22, 416.32, 'pending'),
(73, 23, 166.17, 'paid'),
(74, 24, 134.58, 'cancelled'),
(75, 25, 292.73, 'cancelled'),
(76, 26, 483.29, 'paid'),
(77, 27, 442.35, 'cancelled'),
(78, 28, 415.16, 'pending'),
(79, 29, 386.12, 'pending'),
(80, 30, 270.98, 'cancelled'),
(81, 31, 449.27, 'paid'),
(82, 32, 458.20, 'pending'),
(83, 33, 247.27, 'paid'),
(84, 34, 297.93, 'pending'),
(85, 35, 199.77, 'cancelled'),
(86, 36, 92.74, 'pending'),
(87, 37, 381.76, 'pending'),
(88, 38, 209.95, 'cancelled'),
(89, 39, 27.80, 'paid'),
(90, 40, 51.21, 'cancelled'),
(91, 41, 148.72, 'paid'),
(92, 42, 126.56, 'paid'),
(93, 43, 199.99, 'paid'),
(94, 44, 230.35, 'paid'),
(95, 45, 125.56, 'paid'),
(96, 46, 185.56, 'paid'),
(97, 47, 225.15, 'paid'),
(98, 48, 201.41, 'pending'),
(99, 49, 320.54, 'cancelled'),
(100, 50, 455.10, 'pending'),
(101, 1, 446.96, 'paid'),
(102, 2, 468.94, 'paid'),
(103, 3, 307.92, 'pending'),
(104, 4, 202.92, 'paid'),
(105, 5, 393.30, 'cancelled'),
(106, 6, 42.96, 'cancelled'),
(107, 7, 24.87, 'cancelled'),
(108, 8, 319.30, 'cancelled'),
(109, 9, 484.36, 'cancelled'),
(110, 10, 180.85, 'cancelled'),
(111, 11, 194.57, 'paid'),
(112, 12, 422.21, 'pending'),
(113, 13, 68.94, 'paid'),
(114, 14, 80.23, 'cancelled'),
(115, 15, 295.42, 'pending'),
(116, 16, 368.73, 'cancelled'),
(117, 17, 223.41, 'pending'),
(118, 18, 363.55, 'cancelled'),
(119, 19, 308.36, 'cancelled'),
(120, 20, 411.75, 'paid'),
(121, 21, 54.41, 'cancelled'),
(122, 22, 312.73, 'paid'),
(123, 23, 499.25, 'paid'),
(124, 24, 163.77, 'pending'),
(125, 25, 129.43, 'paid'),
(126, 26, 280.62, 'pending'),
(127, 27, 387.95, 'pending'),
(128, 28, 146.89, 'paid'),
(129, 29, 117.67, 'paid'),
(130, 30, 77.47, 'cancelled'),
(131, 31, 150.93, 'cancelled'),
(132, 32, 213.62, 'paid'),
(133, 33, 247.65, 'paid'),
(134, 34, 322.80, 'cancelled'),
(135, 35, 471.29, 'pending'),
(136, 36, 487.62, 'cancelled'),
(137, 37, 286.11, 'cancelled'),
(138, 38, 365.99, 'cancelled'),
(139, 39, 255.50, 'pending'),
(140, 40, 197.80, 'paid'),
(141, 41, 264.81, 'paid'),
(142, 42, 239.21, 'paid'),
(143, 43, 408.72, 'paid'),
(144, 44, 472.81, 'paid'),
(145, 45, 182.97, 'cancelled'),
(146, 46, 40.00, 'paid'),
(147, 47, 230.46, 'cancelled'),
(148, 48, 117.31, 'paid'),
(149, 49, 221.80, 'pending'),
(150, 50, 469.11, 'pending'),
(151, 1, 222.65, 'paid'),
(152, 2, 296.55, 'paid'),
(153, 3, 172.28, 'paid'),
(154, 4, 251.80, 'paid'),
(155, 5, 181.79, 'paid'),
(156, 6, 103.72, 'pending'),
(157, 7, 386.39, 'cancelled'),
(158, 8, 240.98, 'pending'),
(159, 9, 457.62, 'paid'),
(160, 10, 450.83, 'cancelled'),
(161, 11, 171.68, 'cancelled'),
(162, 12, 196.74, 'cancelled'),
(163, 13, 413.80, 'pending'),
(164, 14, 208.99, 'paid'),
(165, 15, 368.68, 'cancelled'),
(166, 16, 254.45, 'pending'),
(167, 17, 88.28, 'pending'),
(168, 18, 135.34, 'cancelled'),
(169, 19, 340.49, 'cancelled'),
(170, 20, 268.74, 'pending'),
(171, 21, 339.59, 'paid'),
(172, 22, 437.83, 'paid'),
(173, 23, 403.94, 'cancelled'),
(174, 24, 68.90, 'cancelled'),
(175, 25, 492.98, 'cancelled'),
(176, 26, 129.74, 'cancelled'),
(177, 27, 332.46, 'paid'),
(178, 28, 223.60, 'pending'),
(179, 29, 407.49, 'paid'),
(180, 30, 365.24, 'pending'),
(181, 31, 96.27, 'paid'),
(182, 32, 135.64, 'paid'),
(183, 33, 466.40, 'cancelled'),
(184, 34, 181.65, 'pending'),
(185, 35, 256.00, 'cancelled'),
(186, 36, 359.99, 'pending'),
(187, 37, 193.19, 'paid'),
(188, 38, 472.57, 'pending'),
(189, 39, 359.39, 'cancelled'),
(190, 40, 254.93, 'pending'),
(191, 41, 94.70, 'pending'),
(192, 42, 266.45, 'cancelled'),
(193, 43, 125.53, 'pending'),
(194, 44, 237.94, 'cancelled'),
(195, 45, 426.89, 'cancelled'),
(196, 46, 339.10, 'pending'),
(197, 47, 378.36, 'cancelled'),
(198, 48, 247.10, 'cancelled'),
(199, 49, 206.36, 'cancelled'),
(200, 50, 371.36, 'pending');

-- --------------------------------------------------------

--
-- Structure de la table `invoices`
--

DROP TABLE IF EXISTS `invoices`;
CREATE TABLE IF NOT EXISTS `invoices` (
  `id` int(11) NOT NULL AUTO_INCREMENT,
  `command_id` int(11) NOT NULL,
  `total_amount` decimal(10,2) NOT NULL,
  `payment_status` enum('paid','unpaid') NOT NULL,
  PRIMARY KEY (`id`),
  KEY `fk_invoices_command` (`command_id`)
) ENGINE=InnoDB AUTO_INCREMENT=201 DEFAULT CHARSET=utf8mb4 COLLATE=utf8mb4_general_ci;

--
-- Déchargement des données de la table `invoices`
--

INSERT INTO `invoices` (`id`, `command_id`, `total_amount`, `payment_status`) VALUES
(1, 1, 116.20, 'unpaid'),
(2, 2, 332.66, 'paid'),
(3, 3, 156.69, 'unpaid'),
(4, 4, 437.80, 'unpaid'),
(5, 5, 279.86, 'unpaid'),
(6, 6, 27.83, 'unpaid'),
(7, 7, 498.91, 'unpaid'),
(8, 8, 160.80, 'unpaid'),
(9, 9, 406.66, 'unpaid'),
(10, 10, 307.39, 'paid'),
(11, 11, 110.61, 'paid'),
(12, 12, 426.44, 'unpaid'),
(13, 13, 30.56, 'unpaid'),
(14, 14, 398.74, 'unpaid'),
(15, 15, 52.73, 'paid'),
(16, 16, 125.34, 'paid'),
(17, 17, 423.57, 'unpaid'),
(18, 18, 317.41, 'unpaid'),
(19, 19, 78.92, 'unpaid'),
(20, 20, 206.73, 'unpaid'),
(21, 21, 389.91, 'unpaid'),
(22, 22, 27.32, 'paid'),
(23, 23, 79.73, 'unpaid'),
(24, 24, 96.10, 'unpaid'),
(25, 25, 209.50, 'unpaid'),
(26, 26, 312.73, 'unpaid'),
(27, 27, 470.61, 'unpaid'),
(28, 28, 357.57, 'unpaid'),
(29, 29, 215.30, 'paid'),
(30, 30, 47.56, 'unpaid'),
(31, 31, 251.56, 'unpaid'),
(32, 32, 302.38, 'unpaid'),
(33, 33, 185.88, 'paid'),
(34, 34, 66.99, 'paid'),
(35, 35, 239.48, 'paid'),
(36, 36, 73.41, 'unpaid'),
(37, 37, 135.34, 'unpaid'),
(38, 38, 31.61, 'unpaid'),
(39, 39, 250.21, 'paid'),
(40, 40, 254.85, 'unpaid'),
(41, 41, 175.41, 'paid'),
(42, 42, 122.67, 'unpaid'),
(43, 43, 497.58, 'unpaid'),
(44, 44, 366.39, 'paid'),
(45, 45, 338.10, 'unpaid'),
(46, 46, 31.64, 'unpaid'),
(47, 47, 206.82, 'unpaid'),
(48, 48, 306.20, 'unpaid'),
(49, 49, 179.23, 'unpaid'),
(50, 50, 322.92, 'paid'),
(51, 51, 282.82, 'paid'),
(52, 52, 251.43, 'paid'),
(53, 53, 213.53, 'unpaid'),
(54, 54, 187.27, 'unpaid'),
(55, 55, 159.89, 'unpaid'),
(56, 56, 473.34, 'unpaid'),
(57, 57, 301.72, 'unpaid'),
(58, 58, 226.78, 'unpaid'),
(59, 59, 184.62, 'paid'),
(60, 60, 213.88, 'unpaid'),
(61, 61, 457.95, 'unpaid'),
(62, 62, 339.26, 'paid'),
(63, 63, 353.79, 'unpaid'),
(64, 64, 453.87, 'unpaid'),
(65, 65, 387.18, 'unpaid'),
(66, 66, 412.74, 'unpaid'),
(67, 67, 142.66, 'unpaid'),
(68, 68, 118.18, 'unpaid'),
(69, 69, 282.22, 'unpaid'),
(70, 70, 304.77, 'unpaid'),
(71, 71, 21.71, 'paid'),
(72, 72, 416.32, 'unpaid'),
(73, 73, 166.17, 'paid'),
(74, 74, 134.58, 'unpaid'),
(75, 75, 292.73, 'unpaid'),
(76, 76, 483.29, 'paid'),
(77, 77, 442.35, 'unpaid'),
(78, 78, 415.16, 'unpaid'),
(79, 79, 386.12, 'unpaid'),
(80, 80, 270.98, 'unpaid'),
(81, 81, 449.27, 'paid'),
(82, 82, 458.20, 'unpaid'),
(83, 83, 247.27, 'paid'),
(84, 84, 297.93, 'unpaid'),
(85, 85, 199.77, 'unpaid'),
(86, 86, 92.74, 'unpaid'),
(87, 87, 381.76, 'unpaid'),
(88, 88, 209.95, 'unpaid'),
(89, 89, 27.80, 'paid'),
(90, 90, 51.21, 'unpaid'),
(91, 91, 148.72, 'paid'),
(92, 92, 126.56, 'paid'),
(93, 93, 199.99, 'paid'),
(94, 94, 230.35, 'paid'),
(95, 95, 125.56, 'paid'),
(96, 96, 185.56, 'paid'),
(97, 97, 225.15, 'paid'),
(98, 98, 201.41, 'unpaid'),
(99, 99, 320.54, 'unpaid'),
(100, 100, 455.10, 'unpaid'),
(101, 101, 446.96, 'paid'),
(102, 102, 468.94, 'paid'),
(103, 103, 307.92, 'unpaid'),
(104, 104, 202.92, 'paid'),
(105, 105, 393.30, 'unpaid'),
(106, 106, 42.96, 'unpaid'),
(107, 107, 24.87, 'unpaid'),
(108, 108, 319.30, 'unpaid'),
(109, 109, 484.36, 'unpaid'),
(110, 110, 180.85, 'unpaid'),
(111, 111, 194.57, 'paid'),
(112, 112, 422.21, 'unpaid'),
(113, 113, 68.94, 'paid'),
(114, 114, 80.23, 'unpaid'),
(115, 115, 295.42, 'unpaid'),
(116, 116, 368.73, 'unpaid'),
(117, 117, 223.41, 'unpaid'),
(118, 118, 363.55, 'unpaid'),
(119, 119, 308.36, 'unpaid'),
(120, 120, 411.75, 'paid'),
(121, 121, 54.41, 'unpaid'),
(122, 122, 312.73, 'paid'),
(123, 123, 499.25, 'paid'),
(124, 124, 163.77, 'unpaid'),
(125, 125, 129.43, 'paid'),
(126, 126, 280.62, 'unpaid'),
(127, 127, 387.95, 'unpaid'),
(128, 128, 146.89, 'paid'),
(129, 129, 117.67, 'paid'),
(130, 130, 77.47, 'unpaid'),
(131, 131, 150.93, 'unpaid'),
(132, 132, 213.62, 'paid'),
(133, 133, 247.65, 'paid'),
(134, 134, 322.80, 'unpaid'),
(135, 135, 471.29, 'unpaid'),
(136, 136, 487.62, 'unpaid'),
(137, 137, 286.11, 'unpaid'),
(138, 138, 365.99, 'unpaid'),
(139, 139, 255.50, 'unpaid'),
(140, 140, 197.80, 'paid'),
(141, 141, 264.81, 'paid'),
(142, 142, 239.21, 'paid'),
(143, 143, 408.72, 'paid'),
(144, 144, 472.81, 'paid'),
(145, 145, 182.97, 'unpaid'),
(146, 146, 40.00, 'paid'),
(147, 147, 230.46, 'unpaid'),
(148, 148, 117.31, 'paid'),
(149, 149, 221.80, 'unpaid'),
(150, 150, 469.11, 'unpaid'),
(151, 151, 222.65, 'paid'),
(152, 152, 296.55, 'paid'),
(153, 153, 172.28, 'paid'),
(154, 154, 251.80, 'paid'),
(155, 155, 181.79, 'paid'),
(156, 156, 103.72, 'unpaid'),
(157, 157, 386.39, 'unpaid'),
(158, 158, 240.98, 'unpaid'),
(159, 159, 457.62, 'paid'),
(160, 160, 450.83, 'unpaid'),
(161, 161, 171.68, 'unpaid'),
(162, 162, 196.74, 'unpaid'),
(163, 163, 413.80, 'unpaid'),
(164, 164, 208.99, 'paid'),
(165, 165, 368.68, 'unpaid'),
(166, 166, 254.45, 'unpaid'),
(167, 167, 88.28, 'unpaid'),
(168, 168, 135.34, 'unpaid'),
(169, 169, 340.49, 'unpaid'),
(170, 170, 268.74, 'unpaid'),
(171, 171, 339.59, 'paid'),
(172, 172, 437.83, 'paid'),
(173, 173, 403.94, 'unpaid'),
(174, 174, 68.90, 'unpaid'),
(175, 175, 492.98, 'unpaid'),
(176, 176, 129.74, 'unpaid'),
(177, 177, 332.46, 'paid'),
(178, 178, 223.60, 'unpaid'),
(179, 179, 407.49, 'paid'),
(180, 180, 365.24, 'unpaid'),
(181, 181, 96.27, 'paid'),
(182, 182, 135.64, 'paid'),
(183, 183, 466.40, 'unpaid'),
(184, 184, 181.65, 'unpaid'),
(185, 185, 256.00, 'unpaid'),
(186, 186, 359.99, 'unpaid'),
(187, 187, 193.19, 'paid'),
(188, 188, 472.57, 'unpaid'),
(189, 189, 359.39, 'unpaid'),
(190, 190, 254.93, 'unpaid'),
(191, 191, 94.70, 'unpaid'),
(192, 192, 266.45, 'unpaid'),
(193, 193, 125.53, 'unpaid'),
(194, 194, 237.94, 'unpaid'),
(195, 195, 426.89, 'unpaid'),
(196, 196, 339.10, 'unpaid'),
(197, 197, 378.36, 'unpaid'),
(198, 198, 247.10, 'unpaid'),
(199, 199, 206.36, 'unpaid'),
(200, 200, 371.36, 'unpaid');

-- --------------------------------------------------------

--
-- Structure de la table `payment`
--

DROP TABLE IF EXISTS `payment`;
CREATE TABLE IF NOT EXISTS `payment` (
  `id` int(11) NOT NULL AUTO_INCREMENT,
  `users_id` int(11) NOT NULL,
  `payment_method` varchar(50) NOT NULL,
  `card_number` varchar(16) DEFAULT NULL,
  `iban` varchar(34) DEFAULT NULL,
  `expiration_date` date DEFAULT NULL,
  `cvv` varchar(3) DEFAULT NULL,
  PRIMARY KEY (`id`),
  KEY `fk_payment_users` (`users_id`)
) ENGINE=InnoDB AUTO_INCREMENT=201 DEFAULT CHARSET=utf8mb4 COLLATE=utf8mb4_general_ci;

--
-- Déchargement des données de la table `payment`
--

INSERT INTO `payment` (`id`, `users_id`, `payment_method`, `card_number`, `iban`, `expiration_date`, `cvv`) VALUES
(1, 1, 'VISA 19 digit', '4610501937722545', 'GB26PFNE72795820275341', '0000-00-00', '525'),
(2, 2, 'American Express', '4829132425800', 'GB37TGKI69988445372248', '0000-00-00', '187'),
(3, 3, 'JCB 16 digit', '4199395527720', 'GB93LFRL47793975683288', '0000-00-00', '716'),
(4, 4, 'VISA 13 digit', '4993639707446116', 'GB22XTKN85680820946725', '0000-00-00', '697'),
(5, 5, 'Maestro', '6556490619265893', 'GB67TBSX52029925777030', '0000-00-00', '158'),
(6, 6, 'Discover', '30265858927869', 'GB76WYLZ43135421580035', '0000-00-00', '448'),
(7, 7, 'JCB 15 digit', '30514593344306', 'GB95THTI83946560417068', '0000-00-00', '636'),
(8, 8, 'Mastercard', '213130792604074', 'GB16OGAU59445408854947', '0000-00-00', '511'),
(9, 9, 'VISA 16 digit', '4104177570285463', 'GB74NLWY74386457186274', '0000-00-00', '327'),
(10, 10, 'Mastercard', '3555401056170312', 'GB56NTLM61971488372961', '0000-00-00', '648'),
(11, 11, 'VISA 19 digit', '4455718109959469', 'GB45SDGQ75050252161527', '0000-00-00', '163'),
(12, 12, 'Diners Club / Carte Blanche', '348788268619906', 'GB53OQXD79782537392180', '0000-00-00', '256'),
(13, 13, 'Mastercard', '3572865853885802', 'GB71ANAL52236785044100', '0000-00-00', '842'),
(14, 14, 'JCB 16 digit', '4560878026911019', 'GB29QQVV29756286718211', '0000-00-00', '444'),
(15, 15, 'Maestro', '6513731682200818', 'GB89LAJW81488120951377', '0000-00-00', '274'),
(16, 16, 'JCB 16 digit', '213143954860764', 'GB09OELK60153312537963', '0000-00-00', '810'),
(17, 17, 'VISA 13 digit', '676379500496', 'GB75RGDP86334091959594', '0000-00-00', '955'),
(18, 18, 'VISA 19 digit', '4325394721440', 'GB48UOVK13421688303835', '0000-00-00', '980'),
(19, 19, 'JCB 16 digit', '373680193976550', 'GB61FLGB67030006319470', '0000-00-00', '888'),
(20, 20, 'Maestro', '343502108515496', 'GB22TPTU01747396412055', '0000-00-00', '841'),
(21, 21, 'Mastercard', '4497441388680058', 'GB46GRBO81305857386704', '0000-00-00', '457'),
(22, 22, 'Diners Club / Carte Blanche', '4584080462385905', 'GB35UTCV99461701056096', '0000-00-00', '801'),
(23, 23, 'Mastercard', '4375525424701218', 'GB43AKEW09871773242980', '0000-00-00', '906'),
(24, 24, 'JCB 16 digit', '345537699137639', 'GB08JZBJ32415920544654', '0000-00-00', '443'),
(25, 25, 'Diners Club / Carte Blanche', '346268289424018', 'GB64RXAT81021174083331', '0000-00-00', '257'),
(26, 26, 'Mastercard', '348447743452371', 'GB09VKAW50755568166025', '0000-00-00', '995'),
(27, 27, 'JCB 16 digit', '3585111562242422', 'GB11ZVAH21454505332449', '0000-00-00', '556'),
(28, 28, 'Maestro', '4703061086158', 'GB87YPEJ67184791430984', '0000-00-00', '290'),
(29, 29, 'VISA 16 digit', '4572506173989876', 'GB42ZZDQ79130314273141', '0000-00-00', '823'),
(30, 30, 'VISA 16 digit', '4750940438145956', 'GB24RXUH52165362066680', '0000-00-00', '113'),
(31, 31, 'JCB 16 digit', '502054157610', 'GB47JNBK31845899789178', '0000-00-00', '196'),
(32, 32, 'VISA 16 digit', '341199681437834', 'GB10LQUS64975245753051', '0000-00-00', '478'),
(33, 33, 'Mastercard', '2267863706662256', 'GB52CPKQ91345104860482', '0000-00-00', '777'),
(34, 34, 'JCB 16 digit', '4921274915297708', 'GB04VBQU70177629013770', '0000-00-00', '10'),
(35, 35, 'VISA 19 digit', '180060154825364', 'GB57BPBW73723191762208', '0000-00-00', '81'),
(36, 36, 'Discover', '6011877096371211', 'GB50CWTE62791061432842', '0000-00-00', '570'),
(37, 37, 'JCB 16 digit', '4453274687862222', 'GB04RXXJ78133687246620', '0000-00-00', '551'),
(38, 38, 'JCB 16 digit', '6011484486796576', 'GB38ZFOU11340046635040', '0000-00-00', '58'),
(39, 39, 'JCB 15 digit', '6529150879906354', 'GB61NRBW30893023239740', '0000-00-00', '574'),
(40, 40, 'VISA 16 digit', '30452960864574', 'GB41CRZL71887038130077', '0000-00-00', '53'),
(41, 41, 'VISA 16 digit', '30458037557356', 'GB24ILIQ89577061371826', '0000-00-00', '326'),
(42, 42, 'JCB 15 digit', '4344291308368655', 'GB31IBOT15919148585561', '0000-00-00', '663'),
(43, 43, 'Maestro', '4730692281622301', 'GB46VDBX92748610791334', '0000-00-00', '927'),
(44, 44, 'Discover', '3547941232198605', 'GB16HDVK60143504210060', '0000-00-00', '967'),
(45, 45, 'VISA 13 digit', '180049603612192', 'GB20HZIY54401174332595', '0000-00-00', '115'),
(46, 46, 'VISA 16 digit', '213102663652078', 'GB84HPSG85100579704642', '0000-00-00', '160'),
(47, 47, 'VISA 16 digit', '3507124495796161', 'GB48FNOP40527618713986', '0000-00-00', '573'),
(48, 48, 'VISA 19 digit', '4790317078659', 'GB44RQMC03839113718993', '0000-00-00', '422'),
(49, 49, 'Mastercard', '4348632283100272', 'GB11CLLD97421316246472', '0000-00-00', '188'),
(50, 50, 'JCB 16 digit', '213192401467871', 'GB60YTDI68873161853115', '0000-00-00', '85'),
(51, 1, 'VISA 19 digit', '4652555210483649', 'GB71TKLO60513009821804', '0000-00-00', '246'),
(52, 2, 'VISA 13 digit', '4758365488963', 'GB36ALSR81210822972818', '0000-00-00', '423'),
(53, 3, 'VISA 13 digit', '4638343687698056', 'GB62HFWW32457223079112', '0000-00-00', '720'),
(54, 4, 'Mastercard', '3573130028436026', 'GB02MFIG99318739139409', '0000-00-00', '518'),
(55, 5, 'VISA 16 digit', '5328116343558423', 'GB08DUCJ09009468065711', '0000-00-00', '786'),
(56, 6, 'Maestro', '4944947433330274', 'GB58OTXW19761389604263', '0000-00-00', '854'),
(57, 7, 'American Express', '4112158000124', 'GB44HAOT16450400072430', '0000-00-00', '772'),
(58, 8, 'VISA 16 digit', '566245369657', 'GB97KVLQ17556969808674', '0000-00-00', '227'),
(59, 9, 'Discover', '4576481519692501', 'GB57MWYU09013570837970', '0000-00-00', '541'),
(60, 10, 'VISA 16 digit', '3591905035055978', 'GB51MJLZ18197739987102', '0000-00-00', '786'),
(61, 11, 'JCB 16 digit', '4740215195081052', 'GB61MWEB52523294764475', '0000-00-00', '117'),
(62, 12, 'JCB 16 digit', '5394183807152381', 'GB70ZPKQ99079395493964', '0000-00-00', '72'),
(63, 13, 'JCB 16 digit', '6011247228358504', 'GB59UFRT09715898400196', '0000-00-00', '63'),
(64, 14, 'Discover', '213193483347015', 'GB45AAOZ33080960752289', '0000-00-00', '781'),
(65, 15, 'American Express', '4021584526517354', 'GB33INBC05970042009963', '0000-00-00', '400'),
(66, 16, 'VISA 16 digit', '060408060287', 'GB14WYMH92006499510966', '0000-00-00', '810'),
(67, 17, 'VISA 16 digit', '6524039799429925', 'GB50MSBV60628909548610', '0000-00-00', '276'),
(68, 18, 'VISA 16 digit', '376662825756094', 'GB18JCGW62581771093194', '0000-00-00', '37'),
(69, 19, 'VISA 16 digit', '4944737900521483', 'GB47OOVX80769814727629', '0000-00-00', '236'),
(70, 20, 'VISA 16 digit', '4788926607006018', 'GB83ICXT91425434353736', '0000-00-00', '405'),
(71, 21, 'VISA 16 digit', '6582026650669417', 'GB41ITTY00441638693288', '0000-00-00', '759'),
(72, 22, 'Maestro', '213142713504424', 'GB30AFFO37799420334819', '0000-00-00', '345'),
(73, 23, 'JCB 16 digit', '213187180341875', 'GB85FABH39777688571992', '0000-00-00', '537'),
(74, 24, 'JCB 16 digit', '180092779448389', 'GB19USJP11750970212254', '0000-00-00', '663'),
(75, 25, 'Discover', '38820787373346', 'GB53LHKD70464910725579', '0000-00-00', '308'),
(76, 26, 'VISA 13 digit', '30160917155547', 'GB71RZKC86778276317242', '0000-00-00', '903'),
(77, 27, 'Discover', '3569278916546434', 'GB06NUUF33635803994145', '0000-00-00', '793'),
(78, 28, 'Discover', '4159392665029529', 'GB22RRLC95629215998508', '0000-00-00', '823'),
(79, 29, 'JCB 16 digit', '6011959191706481', 'GB29RBEN07242692710038', '0000-00-00', '113'),
(80, 30, 'American Express', '3597992336679965', 'GB62XXXJ21019723568955', '0000-00-00', '905'),
(81, 31, 'VISA 16 digit', '343527563960515', 'GB93SLAB91303086478335', '0000-00-00', '346'),
(82, 32, 'Discover', '2489386548930386', 'GB86LDDQ70814396103645', '0000-00-00', '797'),
(83, 33, 'VISA 16 digit', '3511589612569515', 'GB20XFLL12768299789728', '0000-00-00', '877'),
(84, 34, 'Mastercard', '4125900587815831', 'GB39YINF19577514690833', '0000-00-00', '249'),
(85, 35, 'VISA 16 digit', '180083726180043', 'GB97NLOE06282586112784', '0000-00-00', '904'),
(86, 36, 'VISA 16 digit', '213183645883890', 'GB47VKOS33387817372405', '0000-00-00', '81'),
(87, 37, 'VISA 13 digit', '6598695912225275', 'GB69XAZY26510957319715', '0000-00-00', '785'),
(88, 38, 'JCB 15 digit', '4289518063240219', 'GB74TFVN73047172766267', '0000-00-00', '106'),
(89, 39, 'VISA 19 digit', '4450237139846922', 'GB66LVXD24424958013871', '0000-00-00', '55'),
(90, 40, 'American Express', '6011454876986947', 'GB22OQIA60430054665487', '0000-00-00', '170'),
(91, 41, 'JCB 16 digit', '180064346681016', 'GB08VZRS67603404348376', '0000-00-00', '121'),
(92, 42, 'American Express', '676102510812', 'GB44MDMI72453942433657', '0000-00-00', '971'),
(93, 43, 'Maestro', '5333364638248093', 'GB36YKNI41674977056246', '0000-00-00', '424'),
(94, 44, 'Discover', '378257989512942', 'GB36VICX24881731513078', '0000-00-00', '767'),
(95, 45, 'JCB 16 digit', '4021324171972245', 'GB30HJLI03811165960935', '0000-00-00', '718'),
(96, 46, 'JCB 16 digit', '4584007820711090', 'GB19TQKN55658228751685', '0000-00-00', '231'),
(97, 47, 'VISA 19 digit', '4731477298310894', 'GB38SDEQ14022860433282', '0000-00-00', '137'),
(98, 48, 'VISA 13 digit', '4218161247427646', 'GB12LBKM24547016621950', '0000-00-00', '231'),
(99, 49, 'Mastercard', '4952386025734321', 'GB87ZVMY15305076762806', '0000-00-00', '895'),
(100, 50, 'JCB 16 digit', '213147318934801', 'GB64KNOK87585162517985', '0000-00-00', '945'),
(101, 1, 'VISA 16 digit', '180085518798171', 'GB37JNPO43551024278002', '0000-00-00', '521'),
(102, 2, 'American Express', '38941796035716', 'GB84BBJK34620705130778', '0000-00-00', '400'),
(103, 3, 'VISA 13 digit', '344202975077121', 'GB04BTPV03945269084500', '0000-00-00', '66'),
(104, 4, 'VISA 16 digit', '180077013460233', 'GB62PVSO27947611686434', '0000-00-00', '783'),
(105, 5, 'Mastercard', '4308257139072596', 'GB37EFGW63592608398597', '0000-00-00', '922'),
(106, 6, 'Diners Club / Carte Blanche', '6541962248646642', 'GB84GYRP57903649585303', '0000-00-00', '437'),
(107, 7, 'Maestro', '213179184330251', 'GB16KVVY91629031790111', '0000-00-00', '35'),
(108, 8, 'American Express', '2271720019550699', 'GB48LIPF05334482665141', '0000-00-00', '875'),
(109, 9, 'VISA 19 digit', '4534056698578', 'GB62BOES89595747008432', '0000-00-00', '204'),
(110, 10, 'VISA 13 digit', '2255980962634714', 'GB58FDMY13258066324583', '0000-00-00', '921'),
(111, 11, 'VISA 19 digit', '346889296314841', 'GB28TBZT87182732275831', '0000-00-00', '49'),
(112, 12, 'Diners Club / Carte Blanche', '180093082239846', 'GB39EMVS76574192493386', '0000-00-00', '820'),
(113, 13, 'VISA 13 digit', '373038624312954', 'GB06TLJZ60335986873685', '0000-00-00', '212'),
(114, 14, 'JCB 16 digit', '3528937849250261', 'GB63XTLO20229279948411', '0000-00-00', '767'),
(115, 15, 'Maestro', '6011277823586001', 'GB05WLTC58283726720011', '0000-00-00', '653'),
(116, 16, 'Mastercard', '4904023291325034', 'GB80MKXE98334793164369', '0000-00-00', '881'),
(117, 17, 'VISA 16 digit', '4590197978719821', 'GB69IUSZ15083008796990', '0000-00-00', '569'),
(118, 18, 'Diners Club / Carte Blanche', '4925866677279823', 'GB72KTHZ89283051739437', '0000-00-00', '489'),
(119, 19, 'JCB 15 digit', '4542521912076900', 'GB09HEWQ06870959677195', '0000-00-00', '579'),
(120, 20, 'JCB 16 digit', '4103832330953', 'GB34WMZO37310610066033', '0000-00-00', '3'),
(121, 21, 'VISA 19 digit', '4775021199519522', 'GB07JTDK89406097703513', '0000-00-00', '153'),
(122, 22, 'American Express', '4394198368064299', 'GB51HAUM77713331344832', '0000-00-00', '110'),
(123, 23, 'Maestro', '4240759798207166', 'GB33LDTU34989130457761', '0000-00-00', '734'),
(124, 24, 'JCB 15 digit', '3557801406145658', 'GB46ELEC12077529811509', '0000-00-00', '429'),
(125, 25, 'JCB 16 digit', '3540767061584863', 'GB98CNZB84614049555469', '0000-00-00', '580'),
(126, 26, 'Maestro', '6527734608501404', 'GB82XCWC01614462293516', '0000-00-00', '633'),
(127, 27, 'Discover', '4874677297167934', 'GB10QVIR28930773357992', '0000-00-00', '772'),
(128, 28, 'VISA 13 digit', '560681442706', 'GB16LQAP74739447295468', '0000-00-00', '460'),
(129, 29, 'VISA 16 digit', '4631510825548', 'GB94WPMI70980987333453', '0000-00-00', '484'),
(130, 30, 'Maestro', '2254100366347752', 'GB65FKBZ20237787464828', '0000-00-00', '158'),
(131, 31, 'Mastercard', '5283169837213107', 'GB45WTRR82848372292575', '0000-00-00', '823'),
(132, 32, 'VISA 13 digit', '213135635960963', 'GB31JAFS89487865213291', '0000-00-00', '670'),
(133, 33, 'Discover', '4292892153577', 'GB06RUKE56970295321455', '0000-00-00', '284'),
(134, 34, 'JCB 15 digit', '4857420630410625', 'GB55UQCA43225832612744', '0000-00-00', '725'),
(135, 35, 'VISA 19 digit', '2720904853231148', 'GB49BIKQ32741249242881', '0000-00-00', '353'),
(136, 36, 'JCB 16 digit', '4493147038999', 'GB51PZHB72755316459233', '0000-00-00', '516'),
(137, 37, 'JCB 15 digit', '4595736930116951', 'GB30LNET51770532401658', '0000-00-00', '590'),
(138, 38, 'Diners Club / Carte Blanche', '4338025486170931', 'GB23QDLT04591359030571', '0000-00-00', '623'),
(139, 39, 'VISA 19 digit', '3583101296490092', 'GB42XXGP88305385727705', '0000-00-00', '332'),
(140, 40, 'Maestro', '3547465041126961', 'GB44NBZD72525969420829', '0000-00-00', '789'),
(141, 41, 'VISA 13 digit', '344590714314486', 'GB97ACBD95623477446254', '0000-00-00', '788'),
(142, 42, 'American Express', '2282860893203036', 'GB07DADW69706846408057', '0000-00-00', '554'),
(143, 43, 'Discover', '3570225768705979', 'GB70SUGE39286061400566', '0000-00-00', '646'),
(144, 44, 'JCB 15 digit', '4586897867607866', 'GB79KGJU48606966925028', '0000-00-00', '931'),
(145, 45, 'Discover', '4317417395864', 'GB83YMXF32160382978630', '0000-00-00', '340'),
(146, 46, 'JCB 16 digit', '4365968049884876', 'GB92KAQL92637782061748', '0000-00-00', '848'),
(147, 47, 'VISA 16 digit', '2300583136195540', 'GB30APCE45824709125675', '0000-00-00', '395'),
(148, 48, 'VISA 16 digit', '676310160715', 'GB93WEMF58950605546654', '0000-00-00', '196'),
(149, 49, 'JCB 15 digit', '4927772194030213', 'GB89WATD00114878780324', '0000-00-00', '20'),
(150, 50, 'VISA 16 digit', '3515351346401291', 'GB15ARHO37965720817375', '0000-00-00', '94'),
(151, 1, 'JCB 16 digit', '213127283026940', 'GB48OYNE81935190125950', '0000-00-00', '791'),
(152, 2, 'VISA 19 digit', '2627838450033727', 'GB78GVHP07332103766805', '0000-00-00', '899'),
(153, 3, 'JCB 16 digit', '3542756175257381', 'GB89AMCM05698517800568', '0000-00-00', '977'),
(154, 4, 'American Express', '2720338390502788', 'GB88RXXR88984136208884', '0000-00-00', '589'),
(155, 5, 'VISA 16 digit', '675917997701', 'GB38SAQO01717289737688', '0000-00-00', '903'),
(156, 6, 'Mastercard', '180093645786697', 'GB10FXHW89553303561292', '0000-00-00', '719'),
(157, 7, 'Maestro', '572604945236', 'GB17VXDX92541838082443', '0000-00-00', '66'),
(158, 8, 'Discover', '575123834484', 'GB10OZGV35636508268571', '0000-00-00', '884'),
(159, 9, 'JCB 15 digit', '36110439286274', 'GB53QDKK23908246587306', '0000-00-00', '919'),
(160, 10, 'VISA 16 digit', '502047173823', 'GB92RZUK44627449671172', '0000-00-00', '570'),
(161, 11, 'JCB 16 digit', '4097936917128705', 'GB68GIEY71969374952859', '0000-00-00', '164'),
(162, 12, 'VISA 19 digit', '501888499768', 'GB03DINM99888006774720', '0000-00-00', '916'),
(163, 13, 'VISA 16 digit', '213126159868492', 'GB76PEYN67109870183172', '0000-00-00', '580'),
(164, 14, 'American Express', '676312245043', 'GB28LGMA62638520715938', '0000-00-00', '571'),
(165, 15, 'Diners Club / Carte Blanche', '6011911560887186', 'GB35BRBJ77534947903353', '0000-00-00', '448'),
(166, 16, 'VISA 16 digit', '30244433653142', 'GB58SVZM36783229517681', '0000-00-00', '593'),
(167, 17, 'JCB 16 digit', '341788471194975', 'GB52FQMC06918280666887', '0000-00-00', '18'),
(168, 18, 'VISA 19 digit', '675929273067', 'GB14LSNY75803401505780', '0000-00-00', '870'),
(169, 19, 'VISA 16 digit', '3528016645800676', 'GB84AGZV11641597562863', '0000-00-00', '673'),
(170, 20, 'JCB 16 digit', '5254035360130684', 'GB25GHUM10835193828604', '0000-00-00', '151'),
(171, 21, 'VISA 19 digit', '4524315468824751', 'GB63BWSU60329908977734', '0000-00-00', '962'),
(172, 22, 'American Express', '5271207594687495', 'GB92YIKJ01461502793282', '0000-00-00', '679'),
(173, 23, 'JCB 16 digit', '4276041695276736', 'GB30AETY03931623190508', '0000-00-00', '543'),
(174, 24, 'VISA 13 digit', '4585298518040', 'GB90JUSR06286267576326', '0000-00-00', '138'),
(175, 25, 'JCB 16 digit', '342491607398896', 'GB63REWA33240907985032', '0000-00-00', '935'),
(176, 26, 'VISA 13 digit', '180095582063436', 'GB41QVXV25593911894182', '0000-00-00', '877'),
(177, 27, 'Diners Club / Carte Blanche', '4917686756358032', 'GB27YODG84660281344817', '0000-00-00', '412'),
(178, 28, 'VISA 19 digit', '343773068567195', 'GB02IFSE24893526727240', '0000-00-00', '357'),
(179, 29, 'JCB 16 digit', '630461445847', 'GB92TWUP99104754884241', '0000-00-00', '720'),
(180, 30, 'VISA 16 digit', '4731778616154638', 'GB24NYLE06501437789965', '0000-00-00', '337'),
(181, 31, 'VISA 16 digit', '060450639012', 'GB93BJMN18650106707336', '0000-00-00', '957'),
(182, 32, 'VISA 16 digit', '572641125701', 'GB19BWGF86110845962110', '0000-00-00', '811'),
(183, 33, 'American Express', '3508594756328319', 'GB90NYTV09740703745538', '0000-00-00', '300'),
(184, 34, 'VISA 16 digit', '4714797930833107', 'GB62UOHC52290321341926', '0000-00-00', '848'),
(185, 35, 'Mastercard', '4787667899077355', 'GB94WOFM22226163830345', '0000-00-00', '105'),
(186, 36, 'Diners Club / Carte Blanche', '180008721810047', 'GB74OOTD82783893194931', '0000-00-00', '323'),
(187, 37, 'JCB 15 digit', '6011730921226169', 'GB70RJRY95896202281349', '0000-00-00', '392'),
(188, 38, 'VISA 16 digit', '6527048079221669', 'GB27OBTA71745950103306', '0000-00-00', '107'),
(189, 39, 'Mastercard', '3570725147135038', 'GB32IPOR95889653012366', '0000-00-00', '677'),
(190, 40, 'JCB 16 digit', '3590238348782935', 'GB19NXJA12245379497034', '0000-00-00', '729'),
(191, 41, 'Diners Club / Carte Blanche', '3556689190846610', 'GB15EEJU51921597894180', '0000-00-00', '167'),
(192, 42, 'Maestro', '180035629640986', 'GB89RYMJ38845713703505', '0000-00-00', '643'),
(193, 43, 'VISA 13 digit', '30106679242510', 'GB72BHMV21314043075587', '0000-00-00', '851'),
(194, 44, 'JCB 16 digit', '4118538774726', 'GB14JBUT66728588433538', '0000-00-00', '159'),
(195, 45, 'JCB 15 digit', '6011767403801168', 'GB66JGJS99107393241893', '0000-00-00', '707'),
(196, 46, 'Mastercard', '3511600459678911', 'GB74SVNK48595776163655', '0000-00-00', '699'),
(197, 47, 'JCB 15 digit', '4513615881867', 'GB14OEHF09504191865561', '0000-00-00', '380'),
(198, 48, 'JCB 16 digit', '344317039375152', 'GB05CCWX82073679693844', '0000-00-00', '15'),
(199, 49, 'JCB 16 digit', '3515574099545325', 'GB34DDBA02762842574466', '0000-00-00', '709'),
(200, 50, 'VISA 19 digit', '348399587241743', 'GB10VORR23693603178821', '0000-00-00', '736');

-- --------------------------------------------------------

--
-- Structure de la table `photo`
--

DROP TABLE IF EXISTS `photo`;
CREATE TABLE IF NOT EXISTS `photo` (
  `id` int(11) NOT NULL AUTO_INCREMENT,
  `users_id` int(11) DEFAULT NULL,
  `product_id` int(11) DEFAULT NULL,
  `photo_url` varchar(255) NOT NULL,
  PRIMARY KEY (`id`),
  KEY `fk_photo_users` (`users_id`),
  KEY `fk_photo_product` (`product_id`)
) ENGINE=InnoDB AUTO_INCREMENT=201 DEFAULT CHARSET=utf8mb4 COLLATE=utf8mb4_general_ci;

--
-- Déchargement des données de la table `photo`
--

INSERT INTO `photo` (`id`, `users_id`, `product_id`, `photo_url`) VALUES
(1, 32, 34, 'https://placekitten.com/326/264'),
(2, 6, 70, 'https://picsum.photos/963/371'),
(3, 2, 60, 'https://placekitten.com/95/667'),
(4, 31, 74, 'https://dummyimage.com/5x217'),
(5, 35, 80, 'https://picsum.photos/4/263'),
(6, 14, 89, 'https://placekitten.com/623/384'),
(7, 44, 33, 'https://picsum.photos/800/1004'),
(8, 20, 97, 'https://picsum.photos/359/118'),
(9, 37, 62, 'https://picsum.photos/713/41'),
(10, 25, 46, 'https://picsum.photos/392/995'),
(11, 41, 74, 'https://dummyimage.com/764x335'),
(12, 13, 93, 'https://placekitten.com/932/3'),
(13, 48, 11, 'https://placekitten.com/878/848'),
(14, 39, 94, 'https://placekitten.com/500/974'),
(15, 30, 49, 'https://dummyimage.com/985x979'),
(16, 49, 57, 'https://placekitten.com/916/447'),
(17, 39, 78, 'https://picsum.photos/212/641'),
(18, 35, 69, 'https://dummyimage.com/760x585'),
(19, 21, 82, 'https://picsum.photos/537/698'),
(20, 12, 39, 'https://dummyimage.com/869x274'),
(21, 32, 83, 'https://placekitten.com/877/984'),
(22, 35, 79, 'https://dummyimage.com/295x412'),
(23, 16, 12, 'https://dummyimage.com/542x943'),
(24, 32, 19, 'https://dummyimage.com/443x134'),
(25, 29, 31, 'https://picsum.photos/659/56'),
(26, 4, 68, 'https://placekitten.com/40/390'),
(27, 41, 35, 'https://picsum.photos/614/79'),
(28, 33, 75, 'https://picsum.photos/406/824'),
(29, 42, 14, 'https://placekitten.com/914/420'),
(30, 12, 65, 'https://dummyimage.com/807x664'),
(31, 13, 75, 'https://placekitten.com/632/479'),
(32, 42, 47, 'https://dummyimage.com/520x592'),
(33, 48, 49, 'https://picsum.photos/952/1016'),
(34, 40, 31, 'https://picsum.photos/572/1022'),
(35, 9, 46, 'https://picsum.photos/568/266'),
(36, 35, 50, 'https://picsum.photos/999/1024'),
(37, 42, 47, 'https://placekitten.com/172/339'),
(38, 40, 86, 'https://dummyimage.com/18x178'),
(39, 20, 51, 'https://picsum.photos/141/768'),
(40, 34, 33, 'https://placekitten.com/768/391'),
(41, 46, 15, 'https://picsum.photos/494/257'),
(42, 14, 18, 'https://dummyimage.com/752x826'),
(43, 25, 13, 'https://dummyimage.com/297x1014'),
(44, 48, 4, 'https://dummyimage.com/602x310'),
(45, 4, 42, 'https://placekitten.com/932/147'),
(46, 42, 14, 'https://picsum.photos/381/368'),
(47, 33, 20, 'https://placekitten.com/157/772'),
(48, 25, 26, 'https://placekitten.com/404/52'),
(49, 9, 8, 'https://picsum.photos/280/278'),
(50, 12, 68, 'https://dummyimage.com/209x201'),
(51, 36, 7, 'https://placekitten.com/32/304'),
(52, 47, 76, 'https://picsum.photos/359/114'),
(53, 48, 99, 'https://picsum.photos/631/806'),
(54, 37, 25, 'https://picsum.photos/68/237'),
(55, 37, 13, 'https://picsum.photos/27/866'),
(56, 42, 50, 'https://picsum.photos/938/897'),
(57, 23, 11, 'https://placekitten.com/560/832'),
(58, 41, 20, 'https://dummyimage.com/88x7'),
(59, 5, 85, 'https://placekitten.com/1024/30'),
(60, 10, 7, 'https://picsum.photos/852/75'),
(61, 31, 26, 'https://picsum.photos/984/42'),
(62, 12, 60, 'https://dummyimage.com/479x568'),
(63, 29, 51, 'https://picsum.photos/170/758'),
(64, 41, 88, 'https://placekitten.com/252/697'),
(65, 38, 28, 'https://picsum.photos/0/600'),
(66, 31, 51, 'https://dummyimage.com/273x412'),
(67, 28, 42, 'https://placekitten.com/266/270'),
(68, 15, 13, 'https://placekitten.com/371/607'),
(69, 14, 61, 'https://picsum.photos/64/398'),
(70, 5, 66, 'https://placekitten.com/189/272'),
(71, 35, 49, 'https://dummyimage.com/338x275'),
(72, 18, 25, 'https://dummyimage.com/726x962'),
(73, 8, 16, 'https://dummyimage.com/970x791'),
(74, 10, 63, 'https://picsum.photos/225/737'),
(75, 18, 81, 'https://picsum.photos/298/586'),
(76, 29, 28, 'https://picsum.photos/116/599'),
(77, 44, 24, 'https://placekitten.com/339/791'),
(78, 30, 67, 'https://picsum.photos/84/932'),
(79, 47, 98, 'https://placekitten.com/258/962'),
(80, 49, 50, 'https://picsum.photos/931/376'),
(81, 25, 30, 'https://placekitten.com/166/138'),
(82, 19, 36, 'https://dummyimage.com/11x879'),
(83, 7, 59, 'https://dummyimage.com/932x644'),
(84, 41, 94, 'https://picsum.photos/475/60'),
(85, 35, 1, 'https://dummyimage.com/440x557'),
(86, 8, 64, 'https://placekitten.com/935/886'),
(87, 33, 73, 'https://placekitten.com/471/23'),
(88, 12, 69, 'https://placekitten.com/634/838'),
(89, 37, 91, 'https://placekitten.com/627/269'),
(90, 23, 83, 'https://placekitten.com/625/169'),
(91, 29, 93, 'https://placekitten.com/957/713'),
(92, 42, 89, 'https://dummyimage.com/371x356'),
(93, 7, 66, 'https://picsum.photos/673/430'),
(94, 37, 5, 'https://placekitten.com/779/461'),
(95, 37, 80, 'https://picsum.photos/133/792'),
(96, 14, 14, 'https://dummyimage.com/742x391'),
(97, 39, 64, 'https://picsum.photos/973/917'),
(98, 14, 41, 'https://placekitten.com/564/909'),
(99, 9, 79, 'https://dummyimage.com/661x208'),
(100, 11, 4, 'https://placekitten.com/24/785'),
(101, 31, 88, 'https://picsum.photos/23/752'),
(102, 47, 1, 'https://picsum.photos/1013/654'),
(103, 16, 99, 'https://placekitten.com/613/502'),
(104, 18, 80, 'https://placekitten.com/599/806'),
(105, 10, 11, 'https://placekitten.com/933/77'),
(106, 2, 86, 'https://picsum.photos/580/532'),
(107, 43, 59, 'https://dummyimage.com/550x426'),
(108, 6, 21, 'https://picsum.photos/883/41'),
(109, 24, 2, 'https://placekitten.com/882/897'),
(110, 34, 96, 'https://picsum.photos/289/346'),
(111, 18, 41, 'https://dummyimage.com/200x128'),
(112, 4, 34, 'https://picsum.photos/79/611'),
(113, 12, 96, 'https://picsum.photos/120/876'),
(114, 23, 62, 'https://dummyimage.com/48x620'),
(115, 33, 34, 'https://picsum.photos/535/476'),
(116, 33, 40, 'https://placekitten.com/363/580'),
(117, 39, 67, 'https://placekitten.com/394/734'),
(118, 17, 56, 'https://placekitten.com/348/612'),
(119, 40, 6, 'https://placekitten.com/999/72'),
(120, 19, 72, 'https://picsum.photos/38/964'),
(121, 14, 89, 'https://picsum.photos/774/986'),
(122, 46, 85, 'https://picsum.photos/214/352'),
(123, 12, 28, 'https://placekitten.com/704/103'),
(124, 26, 91, 'https://dummyimage.com/762x764'),
(125, 28, 80, 'https://dummyimage.com/193x209'),
(126, 25, 63, 'https://dummyimage.com/279x256'),
(127, 16, 4, 'https://picsum.photos/1015/261'),
(128, 28, 72, 'https://picsum.photos/983/326'),
(129, 50, 41, 'https://picsum.photos/318/437'),
(130, 45, 25, 'https://dummyimage.com/438x156'),
(131, 27, 6, 'https://dummyimage.com/395x750'),
(132, 28, 70, 'https://picsum.photos/243/773'),
(133, 33, 7, 'https://placekitten.com/30/860'),
(134, 41, 54, 'https://picsum.photos/524/621'),
(135, 11, 59, 'https://picsum.photos/805/818'),
(136, 45, 30, 'https://dummyimage.com/126x503'),
(137, 10, 26, 'https://dummyimage.com/252x492'),
(138, 27, 7, 'https://dummyimage.com/178x343'),
(139, 32, 19, 'https://placekitten.com/40/283'),
(140, 21, 97, 'https://dummyimage.com/571x847'),
(141, 1, 94, 'https://dummyimage.com/515x251'),
(142, 39, 5, 'https://picsum.photos/167/152'),
(143, 29, 86, 'https://picsum.photos/106/704'),
(144, 3, 25, 'https://dummyimage.com/162x254'),
(145, 2, 9, 'https://placekitten.com/475/730'),
(146, 15, 59, 'https://dummyimage.com/442x759'),
(147, 1, 57, 'https://placekitten.com/386/571'),
(148, 4, 100, 'https://dummyimage.com/800x744'),
(149, 14, 54, 'https://placekitten.com/641/907'),
(150, 42, 15, 'https://placekitten.com/563/393'),
(151, 10, 37, 'https://placekitten.com/937/364'),
(152, 30, 55, 'https://dummyimage.com/1013x42'),
(153, 1, 9, 'https://picsum.photos/685/34'),
(154, 20, 24, 'https://placekitten.com/780/1018'),
(155, 31, 32, 'https://placekitten.com/346/113'),
(156, 22, 10, 'https://dummyimage.com/506x453'),
(157, 7, 75, 'https://placekitten.com/745/524'),
(158, 29, 93, 'https://placekitten.com/435/734'),
(159, 49, 85, 'https://placekitten.com/11/59'),
(160, 15, 41, 'https://dummyimage.com/370x382'),
(161, 42, 4, 'https://picsum.photos/744/844'),
(162, 6, 16, 'https://placekitten.com/657/834'),
(163, 25, 62, 'https://picsum.photos/131/240'),
(164, 30, 98, 'https://placekitten.com/772/286'),
(165, 20, 47, 'https://picsum.photos/7/158'),
(166, 17, 55, 'https://picsum.photos/730/240'),
(167, 35, 22, 'https://placekitten.com/94/467'),
(168, 17, 68, 'https://placekitten.com/890/76'),
(169, 38, 61, 'https://dummyimage.com/838x498'),
(170, 50, 33, 'https://placekitten.com/962/648'),
(171, 38, 53, 'https://placekitten.com/162/833'),
(172, 21, 70, 'https://picsum.photos/21/431'),
(173, 24, 65, 'https://picsum.photos/582/786'),
(174, 23, 66, 'https://picsum.photos/506/77'),
(175, 28, 62, 'https://dummyimage.com/78x45'),
(176, 50, 87, 'https://placekitten.com/687/833'),
(177, 50, 65, 'https://dummyimage.com/973x1010'),
(178, 37, 79, 'https://dummyimage.com/435x647'),
(179, 19, 86, 'https://placekitten.com/14/904'),
(180, 28, 90, 'https://placekitten.com/683/296'),
(181, 4, 16, 'https://placekitten.com/616/890'),
(182, 36, 26, 'https://placekitten.com/840/459'),
(183, 11, 33, 'https://dummyimage.com/86x876'),
(184, 25, 70, 'https://dummyimage.com/333x715'),
(185, 1, 43, 'https://dummyimage.com/423x531'),
(186, 28, 52, 'https://dummyimage.com/874x563'),
(187, 47, 85, 'https://placekitten.com/530/245'),
(188, 25, 82, 'https://placekitten.com/718/366'),
(189, 47, 54, 'https://placekitten.com/46/515'),
(190, 11, 83, 'https://picsum.photos/71/415'),
(191, 50, 87, 'https://dummyimage.com/516x668'),
(192, 4, 66, 'https://placekitten.com/302/817'),
(193, 5, 30, 'https://dummyimage.com/509x703'),
(194, 31, 40, 'https://dummyimage.com/366x334'),
(195, 17, 97, 'https://picsum.photos/123/76'),
(196, 40, 94, 'https://dummyimage.com/507x255'),
(197, 30, 29, 'https://dummyimage.com/768x161'),
(198, 29, 96, 'https://placekitten.com/176/242'),
(199, 33, 91, 'https://dummyimage.com/214x307'),
(200, 31, 42, 'https://placekitten.com/19/1020');

-- --------------------------------------------------------

--
-- Structure de la table `product`
--

DROP TABLE IF EXISTS `product`;
CREATE TABLE IF NOT EXISTS `product` (
  `id` int(11) NOT NULL AUTO_INCREMENT,
  `name` varchar(100) NOT NULL,
  `description` text DEFAULT NULL,
  `price` decimal(10,2) NOT NULL,
  `stock_quantity` int(11) NOT NULL,
  PRIMARY KEY (`id`)
) ENGINE=InnoDB AUTO_INCREMENT=401 DEFAULT CHARSET=utf8mb4 COLLATE=utf8mb4_general_ci;

--
-- Déchargement des données de la table `product`
--

INSERT INTO `product` (`id`, `name`, `description`, `price`, `stock_quantity`) VALUES
(1, 'party', 'Look many let significant well. Skin choice huge approach early such behind.', 105.16, 59),
(2, 'commercial', 'Letter red rest door buy. Office budget idea real. Pretty its mother.', 46.82, 30),
(3, 'tonight', 'Market relationship light six. Find question large early. Relate enter behind send tell.', 96.65, 37),
(4, 'wait', 'Late resource outside method trial night beautiful box. Whatever action benefit condition consumer approach.', 452.21, 42),
(5, 'road', 'Business animal purpose. Minute care prepare risk see more. Business enough player so ball personal.', 421.70, 42),
(6, 'control', 'Move identify six car response support.', 441.52, 7),
(7, 'reflect', 'Land sound even nature. Compare station radio mean staff. Home have employee record specific today TV her.', 377.42, 93),
(8, 'standard', 'Remember exactly fire personal line each. Despite theory movement within join. Follow air prevent subject dark theory.', 258.80, 68),
(9, 'learn', 'Front hot like popular market. Second central decade receive why every.', 428.79, 62),
(10, 'risk', 'Follow resource why spring and. Hour boy election hot could politics. Great then place series.', 481.27, 39),
(11, 'accept', 'Rock right nothing push collection industry suddenly ten. Central treatment entire could between. Food why tonight pretty project join necessary list. Song mean management manager tonight.', 44.99, 63),
(12, 'often', 'Require space serious evening themselves family.', 369.31, 63),
(13, 'prevent', 'Per study protect even item entire. Center second step.', 173.31, 16),
(14, 'phone', 'Away hear hear wear maintain sometimes. Figure senior its modern others source low. Executive dark country water.', 385.94, 57),
(15, 'its', 'Billion per about bag. Popular increase attack. Huge also road its.', 283.19, 13),
(16, 'policy', 'Gas cold product head. Another positive yard movement after. Movement though low court point for.', 321.19, 96),
(17, 'partner', 'Term morning present center late. Home indicate agreement data key task. Floor face reflect marriage arm.', 434.74, 63),
(18, 'medical', 'Themselves section couple at cup case. Civil today instead technology ask. Point pay director story production. Computer laugh sure.', 335.20, 30),
(19, 'trouble', 'Be staff structure each newspaper send. Value lead him throw suddenly ask.', 372.49, 84),
(20, 'early', 'Hold send seven strategy treat. Break past listen save religious old.', 204.92, 35),
(21, 'new', 'Minute open decision task.', 260.69, 32),
(22, 'father', 'Hotel over ground should story customer voice. These across resource push test fine despite.', 103.20, 88),
(23, 'bed', 'Ready relationship performance indicate. Trial task from increase though. Learn both institution hear religious structure. Mr reality add town draw.', 474.35, 54),
(24, 'bag', 'Bed movement bad grow relationship. Suffer project shake.', 239.98, 75),
(25, 'over', 'South poor teach. Sometimes democratic order operation without season. About way box best factor new field wrong. Act paper sea.', 28.18, 66),
(26, 'street', 'Expert phone marriage catch. Probably page change health fact. Issue huge after of toward yeah.', 239.95, 22),
(27, 'walk', 'Thing will common Congress. Then they play stage.', 445.27, 65),
(28, 'start', 'Deal kind foot on mouth situation why. Available car owner life talk model image so. To amount world company field up local. Interview leader action popular.', 381.65, 96),
(29, 'sign', 'Pay figure interesting million society purpose article. Range piece listen thought. Only enough good foreign chair.', 492.50, 7),
(30, 'develop', 'Station push stay with. Civil economic visit very lose take ever.', 45.70, 42),
(31, 'consumer', 'Significant car force wind market middle get. Environmental listen mention late. Thing build fish economic physical adult management.', 249.40, 46),
(32, 'process', 'Specific million time policy rise manager service. Great information help already hospital cell.', 232.45, 7),
(33, 'forget', 'Listen they turn half. Color usually summer push inside analysis.', 438.37, 1),
(34, 'thank', 'Partner along wide civil. Film ten democratic soldier finally.', 45.35, 59),
(35, 'down', 'Effort type happy. Executive bad join training thought century.', 75.88, 49),
(36, 'what', 'Itself become security now discuss change voice. Discover smile ask view beat clear. Mouth line physical behavior.', 273.50, 85),
(37, 'necessary', 'Guy world us. Store economic particular also. Stuff decide name message course design political. Western history series strategy.', 301.52, 8),
(38, 'guy', 'Race market dog civil see.', 409.99, 68),
(39, 'record', 'Leave set might there actually. Into who left whole performance ever night. Clear more huge relate order camera.', 218.63, 24),
(40, 'look', 'Quality ever leave region. Question benefit beyond.', 133.80, 53),
(41, 'bar', 'Stop anything lose create place.', 139.25, 86),
(42, 'stay', 'Education morning plant company successful off speech drive. Fire society visit late wait security. Middle open off Mrs point when.', 57.39, 68),
(43, 'shoulder', 'American black radio too wife.', 266.72, 35),
(44, 'people', 'Mind speak computer fine. Door young language effect. Their you section executive.', 288.36, 4),
(45, 'suddenly', 'Example light pull help. School show bed usually test of still. Foot bill quite heart.', 253.51, 25),
(46, 'red', 'Identify affect democratic successful. Local but build something.', 333.33, 66),
(47, 'right', 'Woman rise authority become reveal cell middle. Send bag daughter rule investment door summer.', 448.58, 49),
(48, 'raise', 'Individual clear happy bill hold. President tend than business claim evening camera.', 433.55, 40),
(49, 'husband', 'Sea together executive theory kitchen everyone watch. Brother candidate including forget seek news.', 52.99, 7),
(50, 'music', 'Treatment article growth themselves both. Soon page nation whether government notice oil. Herself threat charge do son manage ok. Still least draw person soldier.', 330.21, 33),
(51, 'development', 'Pm necessary bit instead candidate.', 297.40, 14),
(52, 'do', 'Movie floor because those grow back over. Be garden technology choice property campaign red our. Different agreement military environment fund improve. Kitchen tell score senior dinner.', 316.87, 12),
(53, 'scientist', 'Never have public relationship. Since sort force me best call. Movie year owner teach.', 256.31, 89),
(54, 'simply', 'Its specific capital should before not stay.', 20.72, 77),
(55, 'someone', 'Until possible activity. Top determine fly spend page yeah nation. Republican both myself southern recognize movement three. Bar kitchen every sense ability table enough.', 119.40, 48),
(56, 'cell', 'Central Republican blue. Billion white form bank. Mind account against white.', 208.10, 81),
(57, 'space', 'Organization prove reality activity present view.', 200.00, 60),
(58, 'day', 'Wide under program mother city position. Audience positive pick report hour. Itself service positive see.', 37.57, 60),
(59, 'southern', 'Claim phone artist want security since there. Night partner two her risk Congress. Life work against he property. Offer city hold begin learn.', 215.53, 50),
(60, 'wall', 'Continue behavior responsibility cost light full Congress. Gas whole blue provide walk consumer. Method but almost standard authority prevent federal.', 305.17, 50),
(61, 'let', 'Offer mean market line across. Republican statement work Mr. Training off responsibility according whatever step answer itself. Range executive act alone.', 210.28, 74),
(62, 'south', 'South list wife receive account situation. Ago will front far management.', 418.73, 41),
(63, 'get', 'Section value argue establish I.', 249.18, 2),
(64, 'while', 'Mind family develop gun. Accept style management education.', 382.30, 87),
(65, 'surface', 'After available participant spring open amount. Condition tonight win although officer rather agreement back. Structure system when pressure.', 468.37, 99),
(66, 'recent', 'Hospital knowledge show these explain can. Development involve morning land help contain.', 239.81, 7),
(67, 'season', 'Indeed what particular decade finally. Miss check often risk know left ok. Prevent green example out discuss ahead.', 100.29, 65),
(68, 'life', 'Mean ok major. Section college get right exist something wear now. Expect middle computer strategy. Fill character fast be instead maintain.', 290.21, 19),
(69, 'determine', 'Thousand appear here reality. Hot matter relationship during effort fish idea. His reason author evidence.', 28.43, 77),
(70, 'garden', 'Move significant feeling chair camera. Show fight issue born well indicate. Themselves knowledge local. Sit citizen daughter certain view.', 448.33, 94),
(71, 'whose', 'Source would however despite space yard political. Black hope factor fish mention green even. Reveal foot yeah find it treat.', 63.96, 88),
(72, 'goal', 'Indeed relate economy surface onto administration. Speak resource exactly upon history.', 446.53, 48),
(73, 'care', 'Wear actually actually back reflect. Water ever price themselves stop only.', 35.35, 39),
(74, 'military', 'Doctor system to attack serve. Deal itself his top then television.', 287.39, 72),
(75, 'outside', 'Too amount mean summer stuff believe. Energy customer detail some season maintain field easy. Report in marriage base level foreign at.', 181.21, 92),
(76, 'he', 'Training type skill artist enough. Tax voice give decision statement woman situation.', 446.63, 9),
(77, 'plan', 'Explain live family these next air. Land day though lay go report.', 226.80, 68),
(78, 'room', 'Big nearly decide power I office control clear. Performance hand seat leg head environmental. Grow size each fill place direction effort.', 66.74, 4),
(79, 'attorney', 'Decision prevent both whole similar. Yes eight fear because report dream. Watch quite world fund do.', 105.62, 7),
(80, 'shake', 'Leg until power may field fly window. Piece employee would east.', 78.56, 21),
(81, 'better', 'Must until owner. Involve realize key color rock big long. Information should effect major between some probably doctor.', 96.41, 3),
(82, 'any', 'Difference management whatever wide. Board likely authority save street. After ready strong development piece teach.', 426.15, 39),
(83, 'west', 'Together help bar memory both factor hot. Space Democrat visit place pattern.', 434.79, 61),
(84, 'middle', 'Seem music each sound card on. Suffer three thousand military. Vote week hear which technology trouble amount.', 376.56, 60),
(85, 'use', 'Second important expect price. Style market form how strong.', 209.72, 100),
(86, 'raise', 'Real issue movement forward painting ready former. Heart media realize before. Hot ready civil.', 431.24, 88),
(87, 'popular', 'Today discuss eye bed look military clearly. Strong listen ground both.', 192.89, 50),
(88, 'carry', 'More talk attention sell none trip eye health. Radio go group city especially. Contain institution hope protect.', 129.36, 2),
(89, 'agency', 'Author up special. Beautiful must bring. Group cut network kitchen firm house. Everybody level plan drop would leave billion.', 174.15, 95),
(90, 'once', 'Economy capital today scientist dog begin. Food into law miss. Understand start director view area economic piece career.', 39.31, 53),
(91, 'part', 'Commercial husband usually tree. System dark class including current.', 170.19, 56),
(92, 'south', 'Ground when administration cause spring. Goal would push. Few crime note concern writer first.', 181.26, 41),
(93, 'focus', 'Tax and participant deep. Building mission stand number social such certain.', 488.67, 76),
(94, 'doctor', 'Some bill expect close indicate article production sport.', 16.88, 41),
(95, 'six', 'Force church else. Player production wait worker treatment under.', 142.54, 85),
(96, 'through', 'Call network face gun instead imagine. Training administration budget population talk new particular.', 420.23, 52),
(97, 'professional', 'Once specific entire clear table technology. Class senior pass into he join. Term institution bring little question customer.', 96.63, 88),
(98, 'thought', 'Same question paper foreign. One summer door health though.', 322.74, 39),
(99, 'production', 'As few result particular door. Fall structure laugh along. True stuff none charge require.', 440.82, 56),
(100, 'television', 'Grow couple sense evening contain. Care natural talk compare past article these.', 248.29, 4),
(101, 'north', 'Reflect huge final resource remain chair along. Piece loss baby quite.', 218.33, 4),
(102, 'start', 'Employee language level. Range issue traditional help. Oil bit reveal seek cause reach food.', 19.92, 70),
(103, 'yourself', 'Ask piece position kitchen stand. Add let sign last official thus discover.', 114.60, 77),
(104, 'happen', 'Read book least plant travel catch. Smile want opportunity.', 189.35, 34),
(105, 'name', 'Way floor career consumer final same generation. Detail Democrat card everyone. Yet capital I so summer card sit measure.', 481.11, 24),
(106, 'top', 'Husband much agent. Play behavior administration hard sell bring.', 113.28, 12),
(107, 'second', 'Lead him before ago one environment community management.', 50.56, 74),
(108, 'plant', 'Movement age technology describe article. Mouth save chance want.', 111.74, 45),
(109, 'today', 'Everybody its white. Local value region today fire memory science. Article region many.', 310.58, 14),
(110, 'put', 'Top how authority interesting financial effort. There court commercial wind peace ever building. Raise drive book.', 136.17, 47),
(111, 'ok', 'Such nice begin professor list. Size by ten all development writer contain.', 416.65, 47),
(112, 'participant', 'Speak three clear remember several. Face feeling whether play. Clearly sister campaign relate. Peace meet look can no message.', 343.30, 19),
(113, 'claim', 'Big company entire name book.', 133.64, 18),
(114, 'quality', 'Yourself design draw hope west. President feel parent compare you simple.', 292.10, 58),
(115, 'then', 'Too cause a she. Bit environmental teach rule art everything government.', 316.69, 48),
(116, 'example', 'Option year knowledge member guy government model. Such never miss school student garden. Care natural born itself I.', 470.65, 56),
(117, 'seem', 'Clear statement similar interesting type whose. Apply he pull city seat indicate direction.', 189.25, 27),
(118, 'respond', 'Series blood each analysis cultural very young.', 428.50, 12),
(119, 'hotel', 'Notice others piece line water. Product over current identify service.', 257.33, 50),
(120, 'choose', 'All Republican history eat. Some woman writer then look form least provide. Science lawyer raise any summer.', 209.80, 15),
(121, 'protect', 'State charge fast push. Outside brother learn spring loss debate history. Range in despite money.', 40.33, 9),
(122, 'social', 'Parent arrive defense public. Research green prove dream sense. Mouth policy push particularly.', 367.31, 92),
(123, 'peace', 'Every practice change cause summer design traditional. Letter each economy owner affect.', 227.73, 94),
(124, 'option', 'Brother those deal often resource. Development any sing point hit. Follow ability many sister picture.', 422.75, 66),
(125, 'author', 'Nothing various seat cost itself institution break. Reason attack reality very. Skin price grow little peace run fly.', 223.30, 76),
(126, 'project', 'Sister them even simply executive. Try reveal safe time by whatever.', 110.60, 68),
(127, 'radio', 'She which public step reach. Area even meet knowledge summer. Manager win most thought others.', 189.36, 37),
(128, 'enough', 'Two speak law by throughout. No send environment. Fast cover space soon position.', 43.84, 46),
(129, 'should', 'Manager choose the only unit always. After plan significant better market decide hard friend. Lose kid sing house. Study enter trip suggest.', 485.89, 66),
(130, 'return', 'Technology happen choose spring. Mr reduce address step. Professional enough model perform under language past.', 158.38, 95),
(131, 'need', 'Continue anything hot yard. Yard event either help. Forget wish nice every lawyer board drop.', 146.49, 55),
(132, 'sit', 'Help maybe help city gas movement. Message politics add enjoy run.', 333.76, 28),
(133, 'his', 'Least movie will hope business other full teach. Artist vote lay blue thought total visit. Treat real less performance write fish.', 113.80, 7),
(134, 'enter', 'Government perhaps election discuss western might. Really miss wrong ten Republican know. Drive want hospital get hair street almost.', 456.43, 84),
(135, 'woman', 'Worker cause game up economy trial phone central. Require marriage tough heavy bring structure term. Yourself walk technology him.', 13.25, 44),
(136, 'approach', 'Explain prevent cup every better. Be always student despite night. Through very represent radio anyone.', 298.67, 86),
(137, 'clearly', 'Late staff building base not wish off. Next maybe agree effect nation teach. Movie current voice quality.', 320.56, 31),
(138, 'reach', 'Even sense throw during cup. Create threat field expert tax understand effect.', 209.10, 13),
(139, 'early', 'Go successful although step court detail much. Bit charge carry until health yet.', 425.80, 64),
(140, 'easy', 'Already we generation study. Look instead do official employee.', 486.94, 61),
(141, 'product', 'Especially standard real various short. Citizen bad everybody listen international interesting general. Sea need color effect training seek white.', 103.56, 52),
(142, 'common', 'Section room back boy tonight parent. Leg stuff ten fire light site performance he. Another identify process toward report.', 311.80, 27),
(143, 'skill', 'Interesting skin deep gun either particularly. Even century under common address. Everyone part hotel.', 449.65, 42),
(144, 'attorney', 'Service this goal training adult. Same skin go resource street develop. Community yes vote or campaign open.', 81.94, 71),
(145, 'us', 'Able movie everyone protect son billion.', 68.34, 67),
(146, 'professional', 'Writer use action father. Write road difference beautiful view. Realize increase until both.', 216.72, 25),
(147, 'as', 'Former his apply plan painting become possible. Group mean movie station ever. Foreign scientist option after back past.', 297.34, 52),
(148, 'card', 'Write attack red. Design week strong meeting south enjoy. Perform let establish because yourself detail third.', 87.10, 59),
(149, 'everything', 'Front southern eight. Have because must thousand. Whose effort citizen good not.', 382.75, 56),
(150, 'finish', 'Respond behavior case before. Evidence this wind mouth ability plant fast. Ready plan movie last laugh skill.', 369.40, 18),
(151, 'sport', 'Anything one never authority bank performance until expect. Available too draw less condition as make.', 452.47, 37),
(152, 'else', 'Send how agreement practice.', 320.21, 55),
(153, 'indicate', 'Ago organization decision image real. Happen practice tonight pay save data piece. Support which live product.', 325.67, 44),
(154, 'on', 'Our significant very. Beyond off perform some into mission red. But vote perform east develop.', 89.23, 13),
(155, 'rich', 'General time water camera expert surface left reflect. Agreement between style resource.', 252.22, 7),
(156, 'night', 'Kitchen challenge example. Themselves from ground seek point.', 425.79, 17),
(157, 'process', 'Reason house see TV around low plan. Season wind special director someone. Worry capital news despite spend place next maybe.', 148.82, 92),
(158, 'and', 'Sign produce sense issue approach computer. Exist situation son. Above decade step president.', 110.46, 35),
(159, 'here', 'Eye safe identify officer. Whatever research senior take all office body common. Admit second individual look.', 144.20, 21),
(160, 'hundred', 'Physical data open record agreement. Gas important from phone.', 413.86, 97),
(161, 'job', 'Hold six final free laugh. Operation trade lot perform career figure him paper.', 109.20, 70),
(162, 'relate', 'Condition culture hit detail. Shake actually sing onto year from.', 466.71, 21),
(163, 'early', 'No write guy environmental there. Knowledge choose medical image term. Throw state offer ground prepare value need.', 351.87, 52),
(164, 'kitchen', 'Market catch interest compare or. Individual expect onto green. Style station together order media particularly.', 495.31, 84),
(165, 'care', 'Likely sea often authority. Left least full operation.', 359.64, 87),
(166, 'bar', 'Create clearly along work. Big happy agreement require know sing. Sea allow so card such.', 242.72, 92),
(167, 'become', 'Use different authority born. Prove role environment final like impact.', 101.10, 30),
(168, 'however', 'Suggest especially something travel. Machine note probably management.', 361.55, 77),
(169, 'account', 'Practice property plan stop story nation million. Against serve the free cultural forget. Prove economy send story American cultural.', 237.48, 44),
(170, 'spring', 'According speech available bank ball face among attention. Born medical attorney total. Commercial not author wear. Describe analysis yard prepare same meet wish.', 337.00, 81),
(171, 'call', 'Edge to fear seem Mr stage. Police generation owner road. Travel century rise recognize.', 29.84, 36),
(172, 'as', 'Forget just democratic while. Interesting security forward month together to. Member own season rich modern. Leader book talk by.', 196.80, 86),
(173, 'fine', 'Father seek music music success treatment. Chair star food. Star make store fall future conference. Relationship first lay image.', 265.43, 31),
(174, 'stop', 'Speech coach far light. Knowledge south size more finish tough part. History Democrat forward project part range floor animal.', 99.40, 99),
(175, 'student', 'Up assume grow friend. Own every necessary many health fact.', 118.51, 50),
(176, 'few', 'Change bring important blue forget plant stop. Pay television whole character admit wish.', 87.16, 89),
(177, 'how', 'Coach impact true shoulder whose sound perform president. Although including pattern test soon.', 315.88, 95),
(178, 'watch', 'Why cost her expect adult score. Give already hotel serious plant. Situation collection local above low.', 291.92, 11),
(179, 'end', 'Inside worry provide sport skin child. Require have discuss test anything situation. Drive a business around property bad.', 74.62, 72),
(180, 'Republican', 'No before something.', 67.14, 68),
(181, 'fact', 'Camera very them blood wide three attention. Management end benefit PM talk sit figure. Better north reach direction.', 463.85, 84),
(182, 'ability', 'Explain goal general claim. Political choose herself production get statement little. Professor scene fund building happen whom.', 129.64, 20),
(183, 'three', 'Herself pull own respond opportunity billion. Maintain purpose several stand marriage affect must.', 429.15, 25),
(184, 'deal', 'Build father serve. Simply very discover notice by material safe must.', 12.63, 6),
(185, 'central', 'Cell admit parent military try source.', 196.62, 16),
(186, 'become', 'Sometimes drop close opportunity nature certain how. Success see dinner great law reach second. Not discuss one machine enough hospital painting.', 28.13, 97),
(187, 'property', 'Focus arm operation those community career hospital member. Focus impact force challenge good positive.', 132.31, 65),
(188, 'wind', 'Last see Republican star. Society statement true project decade be stay. Perhaps religious interview finally wait three.', 489.60, 48),
(189, 'citizen', 'Debate hard specific person doctor parent.', 73.79, 9),
(190, 'everyone', 'Baby traditional behind another few. Own join simple age staff.', 184.71, 29),
(191, 'actually', 'Into vote director culture similar music. Guess leg old sometimes everybody speech side. Position then instead trial also.', 473.32, 24),
(192, 'international', 'Realize firm another lose. Address authority leave rate benefit.', 214.76, 44),
(193, 'media', 'Quality deal difference general fund medical. Last listen figure social here happen.', 333.78, 60),
(194, 'law', 'With hospital especially. Different tell enjoy same.', 326.52, 46),
(195, 'get', 'Same we night class begin arm improve my. Organization your property cold cause. Wish large about democratic discover. Medical hit air buy reflect somebody.', 220.41, 14),
(196, 'allow', 'Drive pull significant occur break eat. Detail hear most friend yeah picture do. Someone ball open brother security upon often future.', 70.32, 99),
(197, 'about', 'Down seven shoulder something popular land Democrat claim. Report computer cover good song great plan. Let window prove necessary audience yard money.', 207.54, 16),
(198, 'beat', 'But she today best. Forward sport probably smile. Source several sister perform state.', 274.36, 79),
(199, 'throw', 'Contain around task hold upon sign. Whatever like song former chance season. Focus hour behavior business discussion collection.', 318.80, 11),
(200, 'and', 'Image plan form audience. Single always accept building. Pay treatment life kitchen industry magazine.', 492.86, 89),
(201, 'everything', 'More since main moment fire effect. Reflect employee economic leg over. Technology bank plant night environment appear.', 349.96, 42),
(202, 'forget', 'Address common meeting may modern machine future. This president their ability sister natural change.', 39.73, 52),
(203, 'bad', 'Blood wide edge worker individual develop. Degree five movement ten house find minute. Into success garden church quickly national similar. Wonder chair public house writer up.', 285.57, 51),
(204, 'learn', 'Than cause reflect test minute. Exist she can. Senior hot difference.', 239.91, 11),
(205, 'recently', 'Central finally within remain affect by peace exist. Until use race house. White itself determine current quickly town success.', 488.49, 58),
(206, 'occur', 'Race see responsibility level fear yes. Possible few box call. Anyone under month conference training history.', 439.12, 49),
(207, 'radio', 'Trade black court fill. Time attorney Democrat three. Eye garden check establish bill three. Director instead option thousand.', 273.17, 35),
(208, 'help', 'Country watch probably we religious decide perhaps. Analysis sound seat itself else.', 343.49, 39),
(209, 'than', 'Bill on whom between voice election act. Enough decade may often stop follow respond.', 96.60, 20),
(210, 'although', 'Without add cost red television. Professional painting defense thus type where whom. Factor out since participant. Possible your resource available region radio.', 319.99, 36),
(211, 'turn', 'Ability dream east respond tough. Discuss easy marriage language world.', 248.27, 33),
(212, 'public', 'Administration do talk into because make. Issue case activity call everything.', 411.58, 93),
(213, 'catch', 'Enough discuss near top response feel. Than dog positive require mother its. Born kitchen truth statement social them. Father my seek at week exactly professional.', 97.16, 57),
(214, 'news', 'Production generation professor west. Focus present place by chair hand.', 312.65, 83),
(215, 'ball', 'Amount charge within door history energy. They indeed friend possible standard everybody beyond. Claim sort before itself available one they. Through American impact any environment.', 453.90, 24),
(216, 'big', 'Hold send woman practice play. Fly beat easy air morning him. Piece including of lay. Plan city stay citizen.', 445.97, 66),
(217, 'teacher', 'Station tree avoid. Page rise case have anything of. Catch trouble administration wide.', 279.83, 22),
(218, 'remain', 'Point brother front officer difficult rock type.', 101.35, 34),
(219, 'difficult', 'Inside total loss future. Visit two cause someone.', 75.87, 18),
(220, 'sea', 'Traditional possible today next attorney. Treatment since during discuss next condition use. Whether off success believe west.', 284.73, 33),
(221, 'behavior', 'Special author itself imagine type travel give. Me general there bank pay speak.', 234.18, 31),
(222, 'right', 'Choose beyond off leg. Wrong common receive late despite certain before son. Health every marriage fill.', 124.63, 36),
(223, 'bank', 'Travel part anything appear drug month. Before class spend guess outside machine hit.', 264.39, 33),
(224, 'ever', 'Animal source fish according while teach top. Policy away question same southern.', 16.46, 99),
(225, 'there', 'Short idea product note face improve pull. Bit toward Democrat small law response project lawyer. Tv cover skill century image. Morning air my operation change together include laugh.', 243.56, 99),
(226, 'community', 'Participant seven sort society public. Wear sea dark she. Question conference feel loss. Father pick woman thank.', 42.62, 96),
(227, 'morning', 'Floor pattern budget father knowledge research involve decide. Ready build public speech window. From worry be certain performance.', 318.82, 18),
(228, 'smile', 'Brother central section daughter both matter. Building alone less particularly specific find. Identify knowledge food southern majority pick.', 76.77, 3),
(229, 'decision', 'Finally value summer face billion clearly tell. Tree reach analysis discussion term force name any.', 259.35, 59),
(230, 'magazine', 'Current least myself win they discuss show. Half second story do. Different course opportunity beautiful traditional she each.', 441.57, 71),
(231, 'few', 'Century dog age much employee. By only amount even interview recent hour theory.', 471.70, 6),
(232, 'weight', 'Short where idea memory boy. Know scene spring rise growth a including respond. Bed thing ability my security happy. Never significant her politics weight shoulder him.', 273.19, 92),
(233, 'nothing', 'Attorney nice dinner coach rock behavior. Record compare necessary various.', 190.56, 79),
(234, 'environmental', 'Less other choice business.', 423.80, 9),
(235, 'executive', 'Room move let modern.', 171.80, 49),
(236, 'firm', 'Parent unit sister last item myself community. Question her way stand somebody. Training government system contain follow type shoulder.', 421.44, 69),
(237, 'budget', 'Hear civil pull include. Also especially at forget reduce hold.', 166.51, 7),
(238, 'think', 'Respond indicate lot leg real. Score ever boy rate.', 422.67, 85),
(239, 'perform', 'Strategy under situation success stay outside choice stay. Behind high past rest check factor news side. Pass involve start left allow. Do bad wait support kitchen response hard.', 178.53, 43),
(240, 'dream', 'Health billion data minute water by. Amount second role before itself think budget institution.', 291.00, 74),
(241, 'home', 'Blood worry believe natural fine action.', 37.66, 39),
(242, 'have', 'Physical visit worker policy crime teach sister. Near white those Mrs especially character.', 175.42, 76),
(243, 'rather', 'Suddenly though weight south include within door. Cost oil boy affect.', 220.95, 72),
(244, 'coach', 'Effect attorney detail that yes short when. Laugh he tonight determine. Environmental thought such player perform great before miss.', 349.59, 91),
(245, 'down', 'Right ten increase model seem. Market million myself court year message. No their protect method per somebody.', 189.45, 58),
(246, 'PM', 'Vote their source. Throughout measure interesting Congress. Billion be finish huge city maintain benefit.', 64.10, 44),
(247, 'cost', 'Anything offer recognize anyone serious discussion put consumer. Indeed letter above spring.', 470.68, 86),
(248, 'opportunity', 'Study man herself community do bit gas politics. Prevent group population.', 93.75, 42),
(249, 'person', 'Anyone expect reflect light thousand. Which although American future agreement of wear treatment.', 429.37, 90),
(250, 'woman', 'Always reduce scene mouth. Process collection account technology owner.', 441.55, 24),
(251, 'yard', 'Family ok several good. Stand region usually staff suddenly daughter no.', 341.66, 45),
(252, 'know', 'Gas rate hard brother join exist. Nice because clearly commercial suddenly. Result future politics trip operation dinner.', 147.94, 12),
(253, 'party', 'Respond often father TV Democrat career democratic. Level election want field travel station.', 32.39, 28),
(254, 'let', 'Difficult safe increase shake seven. Sign drive PM how assume. Degree bank rest memory stage price. Television language sing.', 90.30, 18),
(255, 'question', 'Customer choose hair believe yard. Though interview nearly of thing likely stay major.', 212.55, 90),
(256, 'these', 'Special religious opportunity. Over quality build focus fine. Should remember another including modern.', 163.40, 23),
(257, 'seem', 'Teacher alone fire floor office could. Image Republican physical relate. Through consumer good old.', 92.56, 91),
(258, 'agree', 'Save small protect. Receive receive itself stay soon increase very.', 7.35, 13),
(259, 'here', 'Economic relationship call government. Leg choice model college.', 342.83, 57),
(260, 'rest', 'Defense lawyer also indeed instead size. Debate seek detail. Think throw discussion baby expert professional wall box.', 371.20, 95),
(261, 'assume', 'Pay open court individual. Fast soldier up room. Year but grow election strong south like. Performance information practice.', 456.56, 28),
(262, 'almost', 'Your arrive effort man. Create court join magazine book figure tend. Administration ready look design cause.', 113.20, 29),
(263, 'key', 'Show affect thus hotel picture. Similar well put trade toward after will. Suggest door center design represent.', 331.82, 53),
(264, 'notice', 'Entire carry sure three. Realize never network north reality voice standard. After new answer end.', 171.39, 83),
(265, 'shake', 'Leg keep particular right song. Everyone across road catch.', 228.90, 78),
(266, 'nation', 'Participant where budget strong field. Against billion month seven.', 490.96, 12),
(267, 'tend', 'Act beat this. Set response story thousand support specific onto. Their front significant arrive. Unit fact hundred my fish stop.', 154.30, 48),
(268, 'film', 'Relate according become present federal prepare. Pattern media customer security store chance.', 127.13, 22),
(269, 'finally', 'Dinner forget hit usually offer bill institution. Weight yeah different yes letter night marriage. Least best attack everything great collection American difficult.', 405.74, 54),
(270, 'good', 'If section yourself. Air letter positive rise. Without continue much race.', 435.70, 2),
(271, 'senior', 'Risk market know claim process with night. Feel hotel on do quality card. Everybody instead magazine use night water. Health view probably green manage.', 41.48, 20),
(272, 'reach', 'All over put special employee. Term admit notice care whom. Everybody though seven certain assume teacher grow. Sort film land hair.', 129.30, 72),
(273, 'need', 'Understand produce face again. And couple start plant. Director bring project per rule.', 22.54, 22),
(274, 'along', 'Wrong speech everybody treat. Get onto too late authority thank.', 354.81, 100),
(275, 'stuff', 'Choice special drop education marriage great. Seem compare believe no worker campaign system property.', 108.53, 24),
(276, 'high', 'Support push social it might. Always artist reveal movement statement discover. Reach must treat president well.', 114.80, 84),
(277, 'explain', 'Woman personal majority impact. Get discover ball prevent image per as.', 203.15, 14),
(278, 'look', 'Kitchen look sense. Natural first threat share speech example. Support light turn certain. Nice international meet return listen structure.', 183.28, 68),
(279, 'three', 'Class important represent center tonight. Rule win whether wind. Especially technology together.', 467.77, 83),
(280, 'another', 'Myself respond where smile build support inside. Close even parent federal. She note because economic yard case short. Gas industry imagine could more.', 399.90, 8),
(281, 'cell', 'House that room big local top under. Serious himself section a someone south find.', 154.37, 74),
(282, 'space', 'Bar American bad star. Go owner consumer arrive American. Knowledge race forward.', 188.62, 60),
(283, 'Congress', 'Station shoulder out watch professional agree.', 315.98, 42),
(284, 'simply', 'Similar pass improve.', 457.46, 89),
(285, 'step', 'Girl ahead record right. Drug send give. Concern always old television western.', 166.89, 14),
(286, 'customer', 'Themselves record reduce everyone hot outside instead national. Half military necessary over tend. Garden discussion ready thousand suddenly answer yes. Send accept high growth seem season how.', 106.98, 8),
(287, 'production', 'Or state rock your. Rise their authority school modern company. Under turn yourself consider material media group now. Difficult what nice contain cost.', 353.34, 7),
(288, 'news', 'Chair easy model Mr. Majority response range six toward major.', 5.27, 11),
(289, 'such', 'Full list difficult area. Television police say never condition conference sing.', 448.89, 29),
(290, 'power', 'Subject continue buy because future government. Example point doctor purpose. Person would agent administration right.', 463.65, 77),
(291, 'product', 'Program book wear me current choice two then. Will themselves stand understand happen rise whether.', 478.71, 45),
(292, 'watch', 'Behind million no. Him certainly ever its picture as. Team discover rest capital east TV.', 96.27, 53),
(293, 'want', 'Short way boy contain course east might husband.', 492.40, 40),
(294, 'catch', 'View because red help course it hot. Actually message run have my paper future.', 437.80, 36),
(295, 'life', 'People rise step shoulder card. Enough detail kid hot sister hand best there.', 302.33, 1),
(296, 'future', 'House alone forget husband institution. Whether six black sometimes.', 479.41, 73),
(297, 'rate', 'Computer degree attorney space computer course. From well recognize hotel machine. Three down represent training practice into.', 224.99, 7),
(298, 'assume', 'Do claim others power. Painting production over color mother.', 219.11, 95),
(299, 'sound', 'Meeting near brother third. Little sometimes imagine the affect fall. Indeed along administration method skin morning pick. Life way dream third animal very likely.', 22.62, 8),
(300, 'model', 'Against southern friend into forget. Soon boy myself mind. Collection east relate scene difference.', 428.81, 77),
(301, 'coach', 'Society ground yard structure power account. Big them teach page hit late question become. Nature structure bar soon take.', 365.95, 6),
(302, 'chair', 'Start must trip cold. Follow government wide.', 45.30, 37),
(303, 'suddenly', 'Ten hot baby ever. Democratic participant expect hospital. Wall hospital enjoy mean also.', 499.90, 83),
(304, 'themselves', 'Until effect film huge would style. Exactly Democrat project hospital.', 307.11, 22),
(305, 'purpose', 'Note TV gun cup already among morning interview. Yard enter recent PM.', 63.95, 100),
(306, 'idea', 'Color under it born. No election authority research much. Try talk another respond article.', 336.82, 6),
(307, 'major', 'Family campaign natural party foot vote. Only stand phone agency style win between. Threat later back charge war hard final.', 153.21, 48),
(308, 'plan', 'Prove cup successful identify moment traditional woman. Add history look thus example style measure.', 46.40, 72),
(309, 'plan', 'Man peace relationship marriage knowledge head everyone. Live event road smile about thought five.', 275.50, 92),
(310, 'bit', 'As take offer network need those. Technology reduce outside close understand employee.', 413.70, 7),
(311, 'language', 'Moment easy draw follow effort. Difference system raise drug land. Understand age try.', 487.41, 29),
(312, 'while', 'Move street their dark once successful. Consider even full magazine.', 166.59, 50),
(313, 'positive', 'Fish Democrat wrong news reveal will accept source.', 339.94, 55),
(314, 'although', 'Close point discussion. Throw allow number environment sound available easy.', 462.68, 95),
(315, 'economy', 'Suddenly free technology federal throughout school chance. Ago truth up.', 185.80, 88),
(316, 'personal', 'Skin admit material reason instead success stock already. Picture box join remain fish. South million various box already ability radio fire.', 296.97, 24),
(317, 'yard', 'Boy other keep in. Option good material skin red land star green. Site arrive feeling easy rather bit base. East various no.', 309.67, 7),
(318, 'serve', 'Former forward room. Small news walk happen listen price open.', 47.71, 8),
(319, 'minute', 'Age environment source lot buy attorney. Spend against available little. Theory carry bill would.', 236.92, 49),
(320, 'although', 'Phone though head side. International road sister consider.', 210.56, 64),
(321, 'goal', 'Sing writer summer field future.', 23.90, 6),
(322, 'card', 'Throughout see value popular soon. Idea magazine son fact must believe look.', 51.61, 72),
(323, 'personal', 'Character generation name site maybe spring bad.', 353.18, 9),
(324, 'truth', 'More hand line.', 398.12, 43),
(325, 'memory', 'Company throughout act. Every garden occur include agreement within. Nothing report ability rather message table system.', 322.36, 60),
(326, 'article', 'Last grow both able. Model two natural more. Edge exist road population television you stuff.', 121.79, 6),
(327, 'home', 'Low time outside support character program particularly make. Quality hope indicate pick resource reach. Play example cold would.', 37.53, 74),
(328, 'per', 'Enjoy personal method woman seven prove dog. Animal your paper where simply. Language property later.', 297.70, 52),
(329, 'recent', 'Real investment ever claim down month. But reality same save for according. Employee catch month rest.', 80.77, 5),
(330, 'say', 'Car yard event.', 120.46, 39),
(331, 'admit', 'Despite course industry wall available in. Section little foreign short task president consumer size.', 399.45, 37),
(332, 'building', 'Here color as parent. Movement inside argue finish right part training hot.', 226.80, 34),
(333, 'room', 'Face else there member. Form wrong live sport Mr. Food remain reason laugh up hand. Whom wish finish again major.', 164.99, 25),
(334, 'analysis', 'Follow national idea official rule source raise. Name people tell within seven investment herself.', 208.80, 77),
(335, 'nothing', 'Administration point control issue example wife. Final range inside tell girl number cut. National heart how expert degree fight.', 245.47, 22),
(336, 'win', 'Full drop back ability raise kitchen quality. Against just computer technology.', 490.51, 93),
(337, 'environmental', 'Challenge yet method sister manage know.', 259.62, 66),
(338, 'local', 'Direction value short base example artist. Expert black firm ground. Base nice care later for teach better.', 23.56, 68),
(339, 'same', 'Start serve local without worry later. Character southern able still. International I prevent among water technology budget.', 294.99, 4),
(340, 'field', 'Determine discussion important water within whose. Hospital state idea however high entire far life.', 132.78, 9),
(341, 'them', 'Town dream argue indeed focus. Maybe both more why only ability last.', 187.58, 76),
(342, 'against', 'Hotel save near. Challenge player technology art deal area some. Respond husband address this hope accept.', 341.50, 51),
(343, 'protect', 'Style door important information. Water with set matter third as. Ever teacher first would. Later might consumer food.', 432.80, 46),
(344, 'recently', 'Tax number southern chair music value total.', 481.53, 67),
(345, 'remain', 'Left window sing try similar. Early far teach hand lot. Better me bag image front view despite.', 376.28, 53),
(346, 'perform', 'Congress turn forget same learn.', 321.57, 9),
(347, 'daughter', 'Here thought represent shoulder information design final. Word for partner tax anyone follow ago. Teacher another thus.', 90.64, 76),
(348, 'very', 'That serve short enjoy run choice rich. Purpose statement smile learn. Resource admit official American.', 276.65, 86),
(349, 'easy', 'Poor in phone over technology. Knowledge up current market job quickly ask.', 323.00, 37),
(350, 'offer', 'Marriage off election. Bag down hope work amount.', 37.90, 94),
(351, 'card', 'Such detail raise international represent reveal company. Television Mrs resource rise through decision spring.', 488.54, 71),
(352, 'society', 'Point challenge method exist. Rest television win worker experience here animal. Three white begin every debate indicate those.', 293.40, 30),
(353, 'hand', 'Reach nothing work. Four coach character board evening. Base least book value in drug.', 208.86, 94),
(354, 'argue', 'Pm thank ever create manage wind. Season safe sure attack oil blood reduce lay.', 232.34, 75),
(355, 'hand', 'Mother some within half public bank summer test. Education cultural many. Work executive middle yet hear throughout officer.', 224.79, 77),
(356, 'likely', 'Free task us. Laugh those effort green.', 347.19, 43),
(357, 'her', 'Ask nearly student analysis point.', 48.13, 35),
(358, 'do', 'Campaign analysis front machine language age. Choose card born glass. Middle way play individual.', 220.30, 66),
(359, 'generation', 'Audience imagine option future number hard. Later rate newspaper upon little box rich.', 30.40, 88),
(360, 'history', 'Room team positive senior improve important. Including blue environmental past simply present authority. Director responsibility risk could sign drop first for.', 187.48, 75),
(361, 'teach', 'Conference movie career example. Travel anyone middle have because create test term.', 95.66, 21),
(362, 'dark', 'Rate this throw power. Certain rule blood firm offer natural.', 194.99, 54),
(363, 'knowledge', 'Soon bit eat pull over while father. Buy whom southern base. Traditional institution nearly seek both.', 257.16, 10),
(364, 'return', 'Result game often fish brother. Method baby southern ten room night win.', 122.10, 55),
(365, 'we', 'Arm partner door yet. Government three most prepare huge modern almost.', 269.29, 63),
(366, 'exactly', 'Bill again husband worry future toward. Either world place tell.', 459.97, 77),
(367, 'manage', 'Hear her cold democratic lot should eat. Over include ability out. Drop list yeah hit discussion decision.', 200.27, 25),
(368, 'ok', 'Region special somebody billion forward who newspaper. Opportunity idea bit hundred state happy really. Task bit rise we food strong draw state.', 430.74, 55),
(369, 'speak', 'Off maintain above others magazine animal difference. Interesting return great that reality entire.', 269.27, 22),
(370, 'these', 'Training thousand miss chair stand safe. Each daughter capital worry. Customer wrong know theory difference million camera.', 283.34, 25),
(371, 'whether', 'Body fall fill maintain. Congress participant care politics nor charge budget nearly. Clearly hard owner close simple.', 418.51, 71),
(372, 'include', 'Old against fly. Already minute current performance watch since in. Task hospital because game special instead. Become ground fine.', 196.59, 3),
(373, 'network', 'Provide though attention him get should. Learn lose investment start our go law.', 284.26, 48),
(374, 'simple', 'Education coach those ground. This author position ago specific never bring. Reality whatever any.', 63.55, 20),
(375, 'ok', 'Ten all natural under item ahead agree account. Behavior south professional fund. Expect force certainly must stage offer yard. Type page natural parent program attorney agree.', 356.12, 4),
(376, 'laugh', 'Manage raise health. Watch account travel because plan.', 454.63, 22),
(377, 'message', 'Lead single appear fund. Hour break baby year yes check. Mind year walk race area.', 278.39, 31),
(378, 'operation', 'Officer produce score down skin economy grow. Blue best such or. Find able politics individual.', 128.53, 97),
(379, 'president', 'Against them black hair benefit military theory. Listen use despite two. Strong statement shoulder at who.', 449.83, 87),
(380, 'city', 'Consider yourself large develop hair share. Everyone increase bag weight plant.', 25.30, 85),
(381, 'myself', 'Direction window security difficult. Especially throw forget care anything.', 61.72, 20),
(382, 'cover', 'Radio sea behavior popular up final head picture.', 207.77, 18),
(383, 'how', 'All read north language. Skill look simple effect increase he group. Size guy member performance allow outside exactly.', 138.11, 42),
(384, 'turn', 'Course why wear movie write approach company. Parent would issue heart doctor. Especially ball tough business soldier argue find.', 496.88, 38),
(385, 'administration', 'Wide factor side together hear much growth. Firm manager think call suggest. Able road bed election machine.', 470.73, 66),
(386, 'letter', 'Each inside development nice cold four happy that. Begin degree mention reality. Something develop pay they.', 365.57, 11),
(387, 'house', 'Vote positive and interest space loss might. Race effort newspaper fill coach contain. Management sit she decide report physical leg size.', 444.86, 96),
(388, 'guy', 'Serve piece receive rest hair newspaper candidate. Station read although country environmental shake. Provide civil notice rather international eat.', 8.86, 20),
(389, 'politics', 'Candidate prove season fear cultural. Bad by care section interview. Notice picture control item onto.', 406.64, 100),
(390, 'computer', 'Usually skin star might me live bag. Relationship toward significant see.', 474.20, 94),
(391, 'product', 'To exist fine discuss accept air time. Poor trip teach stop contain fast place. Statement usually movie toward big. Agency nor past foreign.', 261.51, 40),
(392, 'particularly', 'Spend hold free collection. Culture compare arrive manager power act.', 288.58, 65),
(393, 'better', 'While action whether note can activity wrong. Either suggest art feel reality network apply. Member natural TV hundred production.', 285.21, 61),
(394, 'front', 'Western from exist offer commercial forward heavy. Nice live talk seem total.', 89.34, 30),
(395, 'finally', 'Party majority show. Gun right executive rest answer.', 443.10, 80),
(396, 'sea', 'Movement today arrive big letter fly. Think their news argue friend daughter. Knowledge particular allow account task.', 213.40, 78),
(397, 'degree', 'Leave marriage mother attention hard. Always member our join environment.', 311.35, 98),
(398, 'know', 'Place next hand sometimes stop trial explain. Hospital spring finally major garden water. Stage she put easy day artist commercial condition.', 274.79, 17),
(399, 'order', 'Could sell amount wall third wide thank least. Operation another thus article so positive.', 185.28, 39),
(400, 'else', 'Series space bill how hospital customer still. Nation treatment along weight defense lead culture commercial.', 456.20, 11);

-- --------------------------------------------------------

--
-- Structure de la table `users`
--

DROP TABLE IF EXISTS `users`;
CREATE TABLE IF NOT EXISTS `users` (
  `id` int(11) NOT NULL AUTO_INCREMENT,
  `username` varchar(50) NOT NULL,
  `password_hash` varchar(255) NOT NULL,
  `email` varchar(100) NOT NULL,
  `first_name` varchar(50) DEFAULT NULL,
  `last_name` varchar(50) DEFAULT NULL,
  `phone_number` varchar(15) DEFAULT NULL,
  PRIMARY KEY (`id`)
) ENGINE=InnoDB AUTO_INCREMENT=201 DEFAULT CHARSET=utf8mb4 COLLATE=utf8mb4_general_ci;

--
-- Déchargement des données de la table `users`
--

INSERT INTO `users` (`id`, `username`, `password_hash`, `email`, `first_name`, `last_name`, `phone_number`) VALUES
(1, 'kelseyvaldez', '5e884898da28047151d0e56f8dc6292773603d0d6aabbdd62a11ef721d1542d8', 'brianna55@example.org', 'Tracy', 'Rogers', '342-403-2478x28'),
(2, 'greenderrick', '5e884898da28047151d0e56f8dc6292773603d0d6aabbdd62a11ef721d1542d8', 'jgrant@example.net', 'John', 'Melton', '(687)211-9435'),
(3, 'smartin', '5e884898da28047151d0e56f8dc6292773603d0d6aabbdd62a11ef721d1542d8', 'christinawatson@example.org', 'Holly', 'Roth', '+1-935-623-7950'),
(4, 'foxmartin', '5e884898da28047151d0e56f8dc6292773603d0d6aabbdd62a11ef721d1542d8', 'amanda24@example.com', 'Angela', 'Martin', '899-345-2322x71'),
(5, 'hendrixkent', '5e884898da28047151d0e56f8dc6292773603d0d6aabbdd62a11ef721d1542d8', 'ljackson@example.org', 'Stephanie', 'Hardin', '(672)619-4921'),
(6, 'osbornedaniel', '5e884898da28047151d0e56f8dc6292773603d0d6aabbdd62a11ef721d1542d8', 'miguel83@example.com', 'Kara', 'Carter', '001-581-840-360'),
(7, 'zlawrence', '5e884898da28047151d0e56f8dc6292773603d0d6aabbdd62a11ef721d1542d8', 'jwright@example.com', 'Michael', 'Turner', '001-246-607-845'),
(8, 'marie89', '5e884898da28047151d0e56f8dc6292773603d0d6aabbdd62a11ef721d1542d8', 'collin07@example.com', 'Melissa', 'Parrish', '(348)591-0373'),
(9, 'karenrivera', '5e884898da28047151d0e56f8dc6292773603d0d6aabbdd62a11ef721d1542d8', 'isaac55@example.org', 'Jamie', 'Green', '(894)410-5126x4'),
(10, 'landerson', '5e884898da28047151d0e56f8dc6292773603d0d6aabbdd62a11ef721d1542d8', 'tbrown@example.com', 'Alexander', 'Cox', '523.631.6659'),
(11, 'antonio74', '5e884898da28047151d0e56f8dc6292773603d0d6aabbdd62a11ef721d1542d8', 'tonyaryan@example.com', 'Erica', 'Rodriguez', '(950)379-5863x3'),
(12, 'scott20', '5e884898da28047151d0e56f8dc6292773603d0d6aabbdd62a11ef721d1542d8', 'fleminglori@example.org', 'Vanessa', 'Cole', '+1-300-394-3818'),
(13, 'kelly41', '5e884898da28047151d0e56f8dc6292773603d0d6aabbdd62a11ef721d1542d8', 'amy16@example.net', 'Karen', 'Thomas', '+1-242-774-4239'),
(14, 'armstrongheather', '5e884898da28047151d0e56f8dc6292773603d0d6aabbdd62a11ef721d1542d8', 'joseallen@example.com', 'Scott', 'Kelley', '(231)405-7559x0'),
(15, 'ugeorge', '5e884898da28047151d0e56f8dc6292773603d0d6aabbdd62a11ef721d1542d8', 'hansoncody@example.net', 'Shelby', 'Stevens', '001-625-313-367'),
(16, 'troy80', '5e884898da28047151d0e56f8dc6292773603d0d6aabbdd62a11ef721d1542d8', 'timothybutler@example.net', 'Robert', 'Green', '646-317-2823x96'),
(17, 'susan01', '5e884898da28047151d0e56f8dc6292773603d0d6aabbdd62a11ef721d1542d8', 'rboyd@example.net', 'Victoria', 'Murphy', '+1-286-471-7543'),
(18, 'starkmichael', '5e884898da28047151d0e56f8dc6292773603d0d6aabbdd62a11ef721d1542d8', 'rebecca00@example.com', 'Tiffany', 'Richards', '001-522-547-803'),
(19, 'kristine18', '5e884898da28047151d0e56f8dc6292773603d0d6aabbdd62a11ef721d1542d8', 'debramiller@example.org', 'Ashley', 'Parker', '+1-350-596-0856'),
(20, 'henrynatasha', '5e884898da28047151d0e56f8dc6292773603d0d6aabbdd62a11ef721d1542d8', 'stephenmitchell@example.org', 'Philip', 'Collins', '001-980-358-444'),
(21, 'nicholsbradley', '5e884898da28047151d0e56f8dc6292773603d0d6aabbdd62a11ef721d1542d8', 'emilygonzalez@example.org', 'Christian', 'Diaz', '223.281.5958'),
(22, 'michaelmunoz', '5e884898da28047151d0e56f8dc6292773603d0d6aabbdd62a11ef721d1542d8', 'josedrake@example.com', 'John', 'Miller', '+1-351-505-1055'),
(23, 'ntyler', '5e884898da28047151d0e56f8dc6292773603d0d6aabbdd62a11ef721d1542d8', 'leslie89@example.org', 'Victoria', 'Sandoval', '(958)284-2996'),
(24, 'hsilva', '5e884898da28047151d0e56f8dc6292773603d0d6aabbdd62a11ef721d1542d8', 'turnerteresa@example.net', 'Matthew', 'Robles', '+1-610-299-7558'),
(25, 'manuelbailey', '5e884898da28047151d0e56f8dc6292773603d0d6aabbdd62a11ef721d1542d8', 'michael53@example.org', 'Timothy', 'Blanchard', '(621)964-5767x2'),
(26, 'christopherlee', '5e884898da28047151d0e56f8dc6292773603d0d6aabbdd62a11ef721d1542d8', 'lynchrebecca@example.com', 'Joann', 'Case', '603.782.4693'),
(27, 'coxsonya', '5e884898da28047151d0e56f8dc6292773603d0d6aabbdd62a11ef721d1542d8', 'dbell@example.net', 'Dennis', 'Bennett', '596-616-9362'),
(28, 'williamjenkins', '5e884898da28047151d0e56f8dc6292773603d0d6aabbdd62a11ef721d1542d8', 'william91@example.net', 'Peter', 'Taylor', '932.320.4924x92'),
(29, 'ztodd', '5e884898da28047151d0e56f8dc6292773603d0d6aabbdd62a11ef721d1542d8', 'ricardoyoung@example.net', 'Charles', 'Martinez', '(331)474-8520x3'),
(30, 'wanda11', '5e884898da28047151d0e56f8dc6292773603d0d6aabbdd62a11ef721d1542d8', 'brownanthony@example.com', 'Jessica', 'Barr', '610-239-9255x56'),
(31, 'richard67', '5e884898da28047151d0e56f8dc6292773603d0d6aabbdd62a11ef721d1542d8', 'uwest@example.org', 'Rebecca', 'Anderson', '993-634-9043x23'),
(32, 'angelawilson', '5e884898da28047151d0e56f8dc6292773603d0d6aabbdd62a11ef721d1542d8', 'sarahmorgan@example.com', 'Samantha', 'Brooks', '804.557.1989'),
(33, 'oscarwinters', '5e884898da28047151d0e56f8dc6292773603d0d6aabbdd62a11ef721d1542d8', 'ashley03@example.com', 'Danny', 'Mcmillan', '5097071021'),
(34, 'kimcruz', '5e884898da28047151d0e56f8dc6292773603d0d6aabbdd62a11ef721d1542d8', 'veronicalopez@example.com', 'Dylan', 'Thompson', '+1-980-824-7637'),
(35, 'erikavasquez', '5e884898da28047151d0e56f8dc6292773603d0d6aabbdd62a11ef721d1542d8', 'markterry@example.org', 'Anthony', 'Neal', '867-864-2144x82'),
(36, 'oreed', '5e884898da28047151d0e56f8dc6292773603d0d6aabbdd62a11ef721d1542d8', 'sarahparks@example.com', 'Heidi', 'Franklin', '748-340-4096x92'),
(37, 'xrivera', '5e884898da28047151d0e56f8dc6292773603d0d6aabbdd62a11ef721d1542d8', 'markpeterson@example.net', 'Jonathan', 'Evans', '264-277-0223x90'),
(38, 'colemanwendy', '5e884898da28047151d0e56f8dc6292773603d0d6aabbdd62a11ef721d1542d8', 'lori80@example.org', 'Robert', 'Maddox', '001-860-808-786'),
(39, 'ypotts', '5e884898da28047151d0e56f8dc6292773603d0d6aabbdd62a11ef721d1542d8', 'twolf@example.net', 'James', 'Williams', '705.230.1816x78'),
(40, 'vking', '5e884898da28047151d0e56f8dc6292773603d0d6aabbdd62a11ef721d1542d8', 'debracohen@example.org', 'Regina', 'Brown', '001-468-860-721'),
(41, 'katherinepayne', '5e884898da28047151d0e56f8dc6292773603d0d6aabbdd62a11ef721d1542d8', 'larnold@example.net', 'Timothy', 'Williams', '(440)917-1567x3'),
(42, 'edwardwhitehead', '5e884898da28047151d0e56f8dc6292773603d0d6aabbdd62a11ef721d1542d8', 'victoriagonzales@example.com', 'Angela', 'Wheeler', '001-637-522-318'),
(43, 'joy70', '5e884898da28047151d0e56f8dc6292773603d0d6aabbdd62a11ef721d1542d8', 'robertbrown@example.org', 'Karen', 'Pena', '(849)604-5503'),
(44, 'stevehartman', '5e884898da28047151d0e56f8dc6292773603d0d6aabbdd62a11ef721d1542d8', 'cheyennedavis@example.org', 'Dustin', 'Vasquez', '780.578.7351'),
(45, 'alewis', '5e884898da28047151d0e56f8dc6292773603d0d6aabbdd62a11ef721d1542d8', 'wblackburn@example.org', 'Desiree', 'Mclaughlin', '701.641.2950'),
(46, 'victoriacox', '5e884898da28047151d0e56f8dc6292773603d0d6aabbdd62a11ef721d1542d8', 'angela20@example.org', 'Joel', 'Reed', '001-513-589-930'),
(47, 'kochkeith', '5e884898da28047151d0e56f8dc6292773603d0d6aabbdd62a11ef721d1542d8', 'ugarcia@example.com', 'Tiffany', 'Nelson', '+1-825-426-9733'),
(48, 'reneejohnson', '5e884898da28047151d0e56f8dc6292773603d0d6aabbdd62a11ef721d1542d8', 'richardwillis@example.net', 'Sherry', 'Baldwin', '534-255-8510x01'),
(49, 'castilloamber', '5e884898da28047151d0e56f8dc6292773603d0d6aabbdd62a11ef721d1542d8', 'rachel76@example.net', 'Deanna', 'Johnson', '509.997.9983x75'),
(50, 'qgordon', '5e884898da28047151d0e56f8dc6292773603d0d6aabbdd62a11ef721d1542d8', 'kkelly@example.net', 'Mary', 'Cowan', '001-510-758-849'),
(51, 'whitney04', '5e884898da28047151d0e56f8dc6292773603d0d6aabbdd62a11ef721d1542d8', 'benjamin73@example.org', 'Douglas', 'Taylor', '981.963.7774x57'),
(52, 'awilliams', '5e884898da28047151d0e56f8dc6292773603d0d6aabbdd62a11ef721d1542d8', 'tracyholmes@example.com', 'Katherine', 'Allen', '+1-363-401-4370'),
(53, 'sarahhunt', '5e884898da28047151d0e56f8dc6292773603d0d6aabbdd62a11ef721d1542d8', 'edwardwiggins@example.net', 'Randy', 'Castillo', '+1-233-738-4656'),
(54, 'shanekelly', '5e884898da28047151d0e56f8dc6292773603d0d6aabbdd62a11ef721d1542d8', 'johnsondanielle@example.net', 'Teresa', 'Conway', '(761)998-6623'),
(55, 'camachoshelly', '5e884898da28047151d0e56f8dc6292773603d0d6aabbdd62a11ef721d1542d8', 'joseph57@example.org', 'Jake', 'Beltran', '001-488-609-622'),
(56, 'cindymurray', '5e884898da28047151d0e56f8dc6292773603d0d6aabbdd62a11ef721d1542d8', 'sean35@example.org', 'Dennis', 'Perez', '451-940-3816'),
(57, 'amandahill', '5e884898da28047151d0e56f8dc6292773603d0d6aabbdd62a11ef721d1542d8', 'kaitlynhammond@example.net', 'Jennifer', 'Brown', '+1-424-592-8946'),
(58, 'thorntonmario', '5e884898da28047151d0e56f8dc6292773603d0d6aabbdd62a11ef721d1542d8', 'christinehorn@example.org', 'Mary', 'Townsend', '(980)875-6241x7'),
(59, 'fishermatthew', '5e884898da28047151d0e56f8dc6292773603d0d6aabbdd62a11ef721d1542d8', 'brownjulian@example.org', 'Samantha', 'Powell', '413-835-8754x10'),
(60, 'pamela05', '5e884898da28047151d0e56f8dc6292773603d0d6aabbdd62a11ef721d1542d8', 'parrishsteven@example.net', 'Zachary', 'Rosario', '527-620-8956'),
(61, 'wellskyle', '5e884898da28047151d0e56f8dc6292773603d0d6aabbdd62a11ef721d1542d8', 'martinkeith@example.org', 'Elizabeth', 'Christensen', '+1-671-470-2640'),
(62, 'asweeney', '5e884898da28047151d0e56f8dc6292773603d0d6aabbdd62a11ef721d1542d8', 'ryan63@example.org', 'Greg', 'White', '5543948732'),
(63, 'elizabeth93', '5e884898da28047151d0e56f8dc6292773603d0d6aabbdd62a11ef721d1542d8', 'dharris@example.com', 'Caroline', 'Schmidt', '(841)202-4821x7'),
(64, 'uadams', '5e884898da28047151d0e56f8dc6292773603d0d6aabbdd62a11ef721d1542d8', 'isullivan@example.com', 'Dawn', 'Thomas', '619.961.7422x99'),
(65, 'harrisonbrenda', '5e884898da28047151d0e56f8dc6292773603d0d6aabbdd62a11ef721d1542d8', 'murrayjames@example.com', 'Teresa', 'Morris', '001-895-468-362'),
(66, 'gsanders', '5e884898da28047151d0e56f8dc6292773603d0d6aabbdd62a11ef721d1542d8', 'jasonjones@example.org', 'Emily', 'Wilson', '(264)207-2713x8'),
(67, 'johnny34', '5e884898da28047151d0e56f8dc6292773603d0d6aabbdd62a11ef721d1542d8', 'kevinmartin@example.net', 'Alison', 'Dickerson', '8927148934'),
(68, 'lauragriffith', '5e884898da28047151d0e56f8dc6292773603d0d6aabbdd62a11ef721d1542d8', 'ncooper@example.net', 'Anthony', 'Wheeler', '(269)519-7910'),
(69, 'eugene46', '5e884898da28047151d0e56f8dc6292773603d0d6aabbdd62a11ef721d1542d8', 'pkey@example.net', 'Michael', 'Paul', '001-865-945-704'),
(70, 'warrenhannah', '5e884898da28047151d0e56f8dc6292773603d0d6aabbdd62a11ef721d1542d8', 'patty09@example.com', 'Jason', 'Chambers', '607-545-7560'),
(71, 'rossrichard', '5e884898da28047151d0e56f8dc6292773603d0d6aabbdd62a11ef721d1542d8', 'kyle45@example.com', 'Tiffany', 'Trevino', '(852)777-4683'),
(72, 'adamsjeff', '5e884898da28047151d0e56f8dc6292773603d0d6aabbdd62a11ef721d1542d8', 'laura21@example.com', 'Laura', 'Chavez', '2488783835'),
(73, 'pskinner', '5e884898da28047151d0e56f8dc6292773603d0d6aabbdd62a11ef721d1542d8', 'dylanallen@example.com', 'Sheryl', 'Williams', '+1-529-368-1272'),
(74, 'odaniel', '5e884898da28047151d0e56f8dc6292773603d0d6aabbdd62a11ef721d1542d8', 'zwright@example.net', 'Mark', 'Stewart', '736-347-5853x32'),
(75, 'georgegallegos', '5e884898da28047151d0e56f8dc6292773603d0d6aabbdd62a11ef721d1542d8', 'stephenzhang@example.com', 'Nancy', 'Williamson', '001-549-352-094'),
(76, 'brittany97', '5e884898da28047151d0e56f8dc6292773603d0d6aabbdd62a11ef721d1542d8', 'alicegarner@example.com', 'Krystal', 'Lopez', '511.989.9829x74'),
(77, 'lwalker', '5e884898da28047151d0e56f8dc6292773603d0d6aabbdd62a11ef721d1542d8', 'bdonaldson@example.net', 'Lisa', 'Thompson', '7456734460'),
(78, 'vrichards', '5e884898da28047151d0e56f8dc6292773603d0d6aabbdd62a11ef721d1542d8', 'vhart@example.org', 'Jackie', 'Blackburn', '5114601936'),
(79, 'nhansen', '5e884898da28047151d0e56f8dc6292773603d0d6aabbdd62a11ef721d1542d8', 'mcdonaldevan@example.net', 'Tim', 'Lowe', '001-262-842-445'),
(80, 'ashleyshaw', '5e884898da28047151d0e56f8dc6292773603d0d6aabbdd62a11ef721d1542d8', 'rwiley@example.org', 'Jennifer', 'Baldwin', '486-708-4152x45'),
(81, 'derrick73', '5e884898da28047151d0e56f8dc6292773603d0d6aabbdd62a11ef721d1542d8', 'kellytapia@example.com', 'Jillian', 'Hunter', '448-277-7205x64'),
(82, 'ryanchan', '5e884898da28047151d0e56f8dc6292773603d0d6aabbdd62a11ef721d1542d8', 'fbrooks@example.org', 'Rebekah', 'Scott', '+1-798-784-9286'),
(83, 'diana82', '5e884898da28047151d0e56f8dc6292773603d0d6aabbdd62a11ef721d1542d8', 'hawkinsbelinda@example.com', 'Sheryl', 'Vance', '+1-368-907-4694'),
(84, 'gordonandrade', '5e884898da28047151d0e56f8dc6292773603d0d6aabbdd62a11ef721d1542d8', 'gonzalesangel@example.com', 'Christy', 'Fitzgerald', '527.938.9462x67'),
(85, 'andrew87', '5e884898da28047151d0e56f8dc6292773603d0d6aabbdd62a11ef721d1542d8', 'afleming@example.net', 'Tonya', 'Jackson', '(660)361-8086x3'),
(86, 'arobertson', '5e884898da28047151d0e56f8dc6292773603d0d6aabbdd62a11ef721d1542d8', 'oking@example.net', 'Jillian', 'Richardson', '365.898.7655'),
(87, 'harrisdonna', '5e884898da28047151d0e56f8dc6292773603d0d6aabbdd62a11ef721d1542d8', 'dawn20@example.com', 'Amanda', 'Bates', '373.354.7004x15'),
(88, 'jennifer28', '5e884898da28047151d0e56f8dc6292773603d0d6aabbdd62a11ef721d1542d8', 'jenniferrobertson@example.com', 'Melissa', 'Keller', '856-372-2676x08'),
(89, 'amueller', '5e884898da28047151d0e56f8dc6292773603d0d6aabbdd62a11ef721d1542d8', 'wadeamy@example.org', 'Eric', 'Wang', '443.399.5802x33'),
(90, 'rperry', '5e884898da28047151d0e56f8dc6292773603d0d6aabbdd62a11ef721d1542d8', 'johngarcia@example.net', 'Danny', 'Ward', '321-892-5730'),
(91, 'riosedward', '5e884898da28047151d0e56f8dc6292773603d0d6aabbdd62a11ef721d1542d8', 'johnathan44@example.org', 'Jenny', 'Friedman', '5387959342'),
(92, 'robin79', '5e884898da28047151d0e56f8dc6292773603d0d6aabbdd62a11ef721d1542d8', 'waltercarter@example.org', 'Ashley', 'Duffy', '+1-662-925-4823'),
(93, 'pughjesse', '5e884898da28047151d0e56f8dc6292773603d0d6aabbdd62a11ef721d1542d8', 'roy61@example.net', 'Leroy', 'Hanna', '689.504.1685x23'),
(94, 'yroman', '5e884898da28047151d0e56f8dc6292773603d0d6aabbdd62a11ef721d1542d8', 'cranepaige@example.net', 'James', 'Murphy', '5255733372'),
(95, 'stephaniestanley', '5e884898da28047151d0e56f8dc6292773603d0d6aabbdd62a11ef721d1542d8', 'steven29@example.org', 'Jessica', 'Cole', '001-551-419-629'),
(96, 'robert45', '5e884898da28047151d0e56f8dc6292773603d0d6aabbdd62a11ef721d1542d8', 'tblair@example.org', 'Lawrence', 'Phillips', '455-334-6368x16'),
(97, 'yhowell', '5e884898da28047151d0e56f8dc6292773603d0d6aabbdd62a11ef721d1542d8', 'woodscory@example.com', 'Garrett', 'Baker', '(549)379-1124'),
(98, 'nscott', '5e884898da28047151d0e56f8dc6292773603d0d6aabbdd62a11ef721d1542d8', 'slopez@example.net', 'Bradley', 'Boyd', '001-484-573-543'),
(99, 'reginald83', '5e884898da28047151d0e56f8dc6292773603d0d6aabbdd62a11ef721d1542d8', 'cnguyen@example.com', 'Dustin', 'Watts', '939.989.7875x15'),
(100, 'joshuaroberts', '5e884898da28047151d0e56f8dc6292773603d0d6aabbdd62a11ef721d1542d8', 'jasonjohnston@example.org', 'Janet', 'Payne', '325-881-8434x13'),
(101, 'whitemarcus', '5e884898da28047151d0e56f8dc6292773603d0d6aabbdd62a11ef721d1542d8', 'scottlee@example.com', 'David', 'Davis', '+1-448-591-5690'),
(102, 'jennifer21', '5e884898da28047151d0e56f8dc6292773603d0d6aabbdd62a11ef721d1542d8', 'brownthomas@example.net', 'Jeremiah', 'Simpson', '001-839-208-550'),
(103, 'brownmichelle', '5e884898da28047151d0e56f8dc6292773603d0d6aabbdd62a11ef721d1542d8', 'amythomas@example.com', 'Allen', 'Stewart', '001-831-956-530'),
(104, 'ianbernard', '5e884898da28047151d0e56f8dc6292773603d0d6aabbdd62a11ef721d1542d8', 'reedkristy@example.org', 'Arthur', 'Smith', '640-869-9141'),
(105, 'stanleysandra', '5e884898da28047151d0e56f8dc6292773603d0d6aabbdd62a11ef721d1542d8', 'ryan39@example.net', 'Jackie', 'Lewis', '001-353-332-268'),
(106, 'terribarajas', '5e884898da28047151d0e56f8dc6292773603d0d6aabbdd62a11ef721d1542d8', 'marcuskelley@example.com', 'Matthew', 'Thompson', '663-343-3094x34'),
(107, 'chavezamy', '5e884898da28047151d0e56f8dc6292773603d0d6aabbdd62a11ef721d1542d8', 'christina89@example.org', 'William', 'Nguyen', '001-450-830-921'),
(108, 'dgarcia', '5e884898da28047151d0e56f8dc6292773603d0d6aabbdd62a11ef721d1542d8', 'hhopkins@example.net', 'Tammy', 'Young', '001-524-822-570'),
(109, 'randallkennedy', '5e884898da28047151d0e56f8dc6292773603d0d6aabbdd62a11ef721d1542d8', 'hodgescharles@example.org', 'Jacqueline', 'Lewis', '+1-851-231-9464'),
(110, 'oclark', '5e884898da28047151d0e56f8dc6292773603d0d6aabbdd62a11ef721d1542d8', 'paula60@example.com', 'Alejandro', 'Marks', '+1-987-541-1059'),
(111, 'colleenmorrison', '5e884898da28047151d0e56f8dc6292773603d0d6aabbdd62a11ef721d1542d8', 'williamsstephanie@example.net', 'Riley', 'Porter', '(986)703-3708x1'),
(112, 'qmontoya', '5e884898da28047151d0e56f8dc6292773603d0d6aabbdd62a11ef721d1542d8', 'davisnatalie@example.com', 'Theodore', 'Mcconnell', '4088180755'),
(113, 'adamsrebecca', '5e884898da28047151d0e56f8dc6292773603d0d6aabbdd62a11ef721d1542d8', 'peter55@example.org', 'Phillip', 'Ho', '001-872-804-444'),
(114, 'matthew10', '5e884898da28047151d0e56f8dc6292773603d0d6aabbdd62a11ef721d1542d8', 'kelly89@example.net', 'Wayne', 'Sparks', '891.577.6408x53'),
(115, 'teresa34', '5e884898da28047151d0e56f8dc6292773603d0d6aabbdd62a11ef721d1542d8', 'qheath@example.org', 'Shelley', 'Fischer', '531-824-0356'),
(116, 'ruizjose', '5e884898da28047151d0e56f8dc6292773603d0d6aabbdd62a11ef721d1542d8', 'nicole48@example.net', 'Holly', 'Vasquez', '498-765-4646x56'),
(117, 'phebert', '5e884898da28047151d0e56f8dc6292773603d0d6aabbdd62a11ef721d1542d8', 'davisthomas@example.com', 'Johnathan', 'Case', '232-941-4672x11'),
(118, 'nathansmith', '5e884898da28047151d0e56f8dc6292773603d0d6aabbdd62a11ef721d1542d8', 'kelsey09@example.com', 'Sarah', 'Willis', '366-872-3535'),
(119, 'jessicasanchez', '5e884898da28047151d0e56f8dc6292773603d0d6aabbdd62a11ef721d1542d8', 'markhenderson@example.com', 'Marc', 'Lowe', '481.233.1150x09'),
(120, 'warrencolin', '5e884898da28047151d0e56f8dc6292773603d0d6aabbdd62a11ef721d1542d8', 'leehannah@example.com', 'Jessica', 'Edwards', '984.235.8070x26'),
(121, 'jeffrey94', '5e884898da28047151d0e56f8dc6292773603d0d6aabbdd62a11ef721d1542d8', 'steven02@example.org', 'Shirley', 'Roberts', '482-879-1755x89'),
(122, 'alexandra71', '5e884898da28047151d0e56f8dc6292773603d0d6aabbdd62a11ef721d1542d8', 'kellis@example.net', 'Jeremy', 'Watson', '(292)220-6795'),
(123, 'dromero', '5e884898da28047151d0e56f8dc6292773603d0d6aabbdd62a11ef721d1542d8', 'zimmermanrebecca@example.net', 'Megan', 'Marks', '843-365-1013x76'),
(124, 'gregorywilliams', '5e884898da28047151d0e56f8dc6292773603d0d6aabbdd62a11ef721d1542d8', 'ryan80@example.net', 'Brian', 'Phillips', '577-667-9294'),
(125, 'shaunphillips', '5e884898da28047151d0e56f8dc6292773603d0d6aabbdd62a11ef721d1542d8', 'mayertracy@example.com', 'Susan', 'Williams', '3898055962'),
(126, 'matthew59', '5e884898da28047151d0e56f8dc6292773603d0d6aabbdd62a11ef721d1542d8', 'josepharmstrong@example.com', 'Michael', 'Potter', '555-632-0169x57'),
(127, 'rodriguezmaureen', '5e884898da28047151d0e56f8dc6292773603d0d6aabbdd62a11ef721d1542d8', 'twilliams@example.org', 'Andrea', 'Carson', '(876)366-9314x6'),
(128, 'alan90', '5e884898da28047151d0e56f8dc6292773603d0d6aabbdd62a11ef721d1542d8', 'allenbrandi@example.com', 'Shannon', 'Jackson', '673.925.5888'),
(129, 'brandonjordan', '5e884898da28047151d0e56f8dc6292773603d0d6aabbdd62a11ef721d1542d8', 'crystal15@example.com', 'Lauren', 'Lozano', '(258)754-0443x3'),
(130, 'veronica83', '5e884898da28047151d0e56f8dc6292773603d0d6aabbdd62a11ef721d1542d8', 'dhayes@example.com', 'Timothy', 'Mclaughlin', '001-355-401-648'),
(131, 'cynthia74', '5e884898da28047151d0e56f8dc6292773603d0d6aabbdd62a11ef721d1542d8', 'richardsonerik@example.com', 'Matthew', 'Porter', '001-556-445-056'),
(132, 'opeters', '5e884898da28047151d0e56f8dc6292773603d0d6aabbdd62a11ef721d1542d8', 'vasquezsheri@example.com', 'Lisa', 'Newton', '(666)718-1482x7'),
(133, 'hernandezrachel', '5e884898da28047151d0e56f8dc6292773603d0d6aabbdd62a11ef721d1542d8', 'nreyes@example.com', 'Rhonda', 'Ball', '495-677-9845'),
(134, 'ystone', '5e884898da28047151d0e56f8dc6292773603d0d6aabbdd62a11ef721d1542d8', 'xpratt@example.com', 'Donna', 'Guerra', '001-263-741-752'),
(135, 'ywalker', '5e884898da28047151d0e56f8dc6292773603d0d6aabbdd62a11ef721d1542d8', 'jesus09@example.net', 'Rebecca', 'Bright', '473-404-9795'),
(136, 'dianabeck', '5e884898da28047151d0e56f8dc6292773603d0d6aabbdd62a11ef721d1542d8', 'gilbert47@example.net', 'Stephanie', 'Hall', '+1-754-315-8750'),
(137, 'austinellis', '5e884898da28047151d0e56f8dc6292773603d0d6aabbdd62a11ef721d1542d8', 'jpalmer@example.net', 'Kelsey', 'Nguyen', '767-770-0499x10'),
(138, 'vjones', '5e884898da28047151d0e56f8dc6292773603d0d6aabbdd62a11ef721d1542d8', 'melissajones@example.org', 'Paula', 'Jones', '491-727-0422x39'),
(139, 'jonrodriguez', '5e884898da28047151d0e56f8dc6292773603d0d6aabbdd62a11ef721d1542d8', 'christianmedina@example.net', 'Rachel', 'Mendoza', '+1-287-711-3274'),
(140, 'phuff', '5e884898da28047151d0e56f8dc6292773603d0d6aabbdd62a11ef721d1542d8', 'wcortez@example.net', 'Bryan', 'Reed', '704.284.7909x19'),
(141, 'farmerjoanne', '5e884898da28047151d0e56f8dc6292773603d0d6aabbdd62a11ef721d1542d8', 'jtorres@example.com', 'Jennifer', 'Brown', '6205907009'),
(142, 'ryanmcneil', '5e884898da28047151d0e56f8dc6292773603d0d6aabbdd62a11ef721d1542d8', 'ryan41@example.com', 'Walter', 'Cochran', '908.486.0167x62'),
(143, 'shieldsnancy', '5e884898da28047151d0e56f8dc6292773603d0d6aabbdd62a11ef721d1542d8', 'alisha65@example.net', 'Kathleen', 'Russell', '478-410-6116'),
(144, 'rgardner', '5e884898da28047151d0e56f8dc6292773603d0d6aabbdd62a11ef721d1542d8', 'davidriley@example.net', 'Austin', 'Beck', '(731)491-8647'),
(145, 'ashley13', '5e884898da28047151d0e56f8dc6292773603d0d6aabbdd62a11ef721d1542d8', 'egutierrez@example.org', 'Patricia', 'Jones', '235.352.1697x14'),
(146, 'trandenise', '5e884898da28047151d0e56f8dc6292773603d0d6aabbdd62a11ef721d1542d8', 'wgibson@example.com', 'Mary', 'Johnson', '(557)977-1139'),
(147, 'timothyjones', '5e884898da28047151d0e56f8dc6292773603d0d6aabbdd62a11ef721d1542d8', 'millerantonio@example.com', 'Lisa', 'Oliver', '881-267-2021'),
(148, 'williamwilson', '5e884898da28047151d0e56f8dc6292773603d0d6aabbdd62a11ef721d1542d8', 'navarromonica@example.net', 'Christopher', 'Taylor', '(302)732-7083'),
(149, 'wchavez', '5e884898da28047151d0e56f8dc6292773603d0d6aabbdd62a11ef721d1542d8', 'thomas63@example.org', 'Rachael', 'Ellis', '(688)623-7713'),
(150, 'sarah89', '5e884898da28047151d0e56f8dc6292773603d0d6aabbdd62a11ef721d1542d8', 'martinstephanie@example.net', 'Gregory', 'Jackson', '+1-829-468-7113'),
(151, 'judithgreen', '5e884898da28047151d0e56f8dc6292773603d0d6aabbdd62a11ef721d1542d8', 'brianna74@example.com', 'Laura', 'Duncan', '(872)737-2671'),
(152, 'arthurgriffin', '5e884898da28047151d0e56f8dc6292773603d0d6aabbdd62a11ef721d1542d8', 'rhernandez@example.net', 'Michael', 'Bishop', '001-475-509-522'),
(153, 'jamie90', '5e884898da28047151d0e56f8dc6292773603d0d6aabbdd62a11ef721d1542d8', 'snyderblake@example.org', 'Anthony', 'Parker', '001-290-239-609'),
(154, 'ugarrett', '5e884898da28047151d0e56f8dc6292773603d0d6aabbdd62a11ef721d1542d8', 'james90@example.net', 'Jose', 'Hunt', '+1-928-539-1285'),
(155, 'kim26', '5e884898da28047151d0e56f8dc6292773603d0d6aabbdd62a11ef721d1542d8', 'hhuber@example.org', 'Melissa', 'Greene', '001-747-983-785'),
(156, 'marycrawford', '5e884898da28047151d0e56f8dc6292773603d0d6aabbdd62a11ef721d1542d8', 'sglover@example.com', 'Kimberly', 'Allen', '562-303-4918'),
(157, 'dayrussell', '5e884898da28047151d0e56f8dc6292773603d0d6aabbdd62a11ef721d1542d8', 'kimberlyjames@example.com', 'Jeffrey', 'Carter', '001-464-753-045'),
(158, 'wcross', '5e884898da28047151d0e56f8dc6292773603d0d6aabbdd62a11ef721d1542d8', 'tinamorton@example.com', 'Michelle', 'Jones', '972-717-9344'),
(159, 'lirobert', '5e884898da28047151d0e56f8dc6292773603d0d6aabbdd62a11ef721d1542d8', 'scott70@example.net', 'William', 'Espinoza', '3553373168'),
(160, 'tmorgan', '5e884898da28047151d0e56f8dc6292773603d0d6aabbdd62a11ef721d1542d8', 'bridgetzimmerman@example.net', 'Joyce', 'Trevino', '+1-726-539-9756'),
(161, 'bradley17', '5e884898da28047151d0e56f8dc6292773603d0d6aabbdd62a11ef721d1542d8', 'lorimullins@example.net', 'Kathleen', 'Rodriguez', '645.269.6666'),
(162, 'stacey60', '5e884898da28047151d0e56f8dc6292773603d0d6aabbdd62a11ef721d1542d8', 'stacey26@example.com', 'Andrea', 'Knapp', '3885357612'),
(163, 'kevin59', '5e884898da28047151d0e56f8dc6292773603d0d6aabbdd62a11ef721d1542d8', 'wardamy@example.com', 'Jesse', 'Oconnell', '543.789.5250'),
(164, 'scott60', '5e884898da28047151d0e56f8dc6292773603d0d6aabbdd62a11ef721d1542d8', 'mcclurekimberly@example.net', 'Troy', 'Drake', '754.440.1961x34'),
(165, 'pmurray', '5e884898da28047151d0e56f8dc6292773603d0d6aabbdd62a11ef721d1542d8', 'jeffreytaylor@example.net', 'Brenda', 'Knight', '408-873-7628x14'),
(166, 'brandonbarajas', '5e884898da28047151d0e56f8dc6292773603d0d6aabbdd62a11ef721d1542d8', 'sglover@example.org', 'Nicole', 'Powell', '445-204-6568'),
(167, 'cynthia00', '5e884898da28047151d0e56f8dc6292773603d0d6aabbdd62a11ef721d1542d8', 'briannagraham@example.com', 'Crystal', 'Williams', '803.311.4568'),
(168, 'olewis', '5e884898da28047151d0e56f8dc6292773603d0d6aabbdd62a11ef721d1542d8', 'avilaelizabeth@example.com', 'Dennis', 'Guerrero', '(323)450-1244'),
(169, 'perezsean', '5e884898da28047151d0e56f8dc6292773603d0d6aabbdd62a11ef721d1542d8', 'cfitzgerald@example.org', 'Kyle', 'Li', '(512)575-6817'),
(170, 'tdiaz', '5e884898da28047151d0e56f8dc6292773603d0d6aabbdd62a11ef721d1542d8', 'nortonelizabeth@example.net', 'Kyle', 'Hall', '+1-532-513-0552'),
(171, 'tabitha70', '5e884898da28047151d0e56f8dc6292773603d0d6aabbdd62a11ef721d1542d8', 'danielrogers@example.org', 'James', 'Padilla', '810.316.8080x20'),
(172, 'pchristensen', '5e884898da28047151d0e56f8dc6292773603d0d6aabbdd62a11ef721d1542d8', 'ulawson@example.com', 'Mark', 'Terry', '644-983-3750x79'),
(173, 'patrick88', '5e884898da28047151d0e56f8dc6292773603d0d6aabbdd62a11ef721d1542d8', 'mitchellhiggins@example.net', 'Mary', 'Montgomery', '001-952-725-377'),
(174, 'martin84', '5e884898da28047151d0e56f8dc6292773603d0d6aabbdd62a11ef721d1542d8', 'cynthia80@example.org', 'Meredith', 'Mclean', '9407678827'),
(175, 'frankharris', '5e884898da28047151d0e56f8dc6292773603d0d6aabbdd62a11ef721d1542d8', 'ryan71@example.org', 'William', 'Patrick', '240.239.7269x84'),
(176, 'steven55', '5e884898da28047151d0e56f8dc6292773603d0d6aabbdd62a11ef721d1542d8', 'duranryan@example.org', 'Christine', 'Phelps', '+1-249-714-0168'),
(177, 'jonathanlucas', '5e884898da28047151d0e56f8dc6292773603d0d6aabbdd62a11ef721d1542d8', 'brandon75@example.com', 'Cameron', 'Wilson', '394.984.2007x69'),
(178, 'makaylamyers', '5e884898da28047151d0e56f8dc6292773603d0d6aabbdd62a11ef721d1542d8', 'jason42@example.com', 'Eric', 'Hill', '+1-748-524-1870'),
(179, 'mendezjanet', '5e884898da28047151d0e56f8dc6292773603d0d6aabbdd62a11ef721d1542d8', 'powellpaul@example.net', 'Lisa', 'White', '+1-740-521-3991'),
(180, 'josephfuller', '5e884898da28047151d0e56f8dc6292773603d0d6aabbdd62a11ef721d1542d8', 'jennifer49@example.net', 'Christopher', 'Vasquez', '+1-878-326-0890'),
(181, 'christopher38', '5e884898da28047151d0e56f8dc6292773603d0d6aabbdd62a11ef721d1542d8', 'evansjamie@example.com', 'Robert', 'Freeman', '999-852-4854'),
(182, 'lrussell', '5e884898da28047151d0e56f8dc6292773603d0d6aabbdd62a11ef721d1542d8', 'alexandria39@example.net', 'Rhonda', 'Neal', '+1-818-524-2672'),
(183, 'travisdavis', '5e884898da28047151d0e56f8dc6292773603d0d6aabbdd62a11ef721d1542d8', 'weberkatrina@example.org', 'Tanya', 'Vaughan', '001-208-691-410'),
(184, 'starkedgar', '5e884898da28047151d0e56f8dc6292773603d0d6aabbdd62a11ef721d1542d8', 'andersonamy@example.com', 'Chad', 'Scott', '817.662.3013x91'),
(185, 'millernathan', '5e884898da28047151d0e56f8dc6292773603d0d6aabbdd62a11ef721d1542d8', 'ypeterson@example.org', 'Hannah', 'Fletcher', '+1-925-503-3078'),
(186, 'amymitchell', '5e884898da28047151d0e56f8dc6292773603d0d6aabbdd62a11ef721d1542d8', 'padillabryan@example.org', 'Luke', 'Cannon', '657.591.5274x53'),
(187, 'ncowan', '5e884898da28047151d0e56f8dc6292773603d0d6aabbdd62a11ef721d1542d8', 'stephanielopez@example.net', 'Corey', 'Lee', '285.218.2016x83'),
(188, 'staceyball', '5e884898da28047151d0e56f8dc6292773603d0d6aabbdd62a11ef721d1542d8', 'laurendiaz@example.org', 'Felicia', 'Cantrell', '(325)206-6515'),
(189, 'kelseyanderson', '5e884898da28047151d0e56f8dc6292773603d0d6aabbdd62a11ef721d1542d8', 'eyoung@example.net', 'John', 'Thomas', '270-324-1828'),
(190, 'graylauren', '5e884898da28047151d0e56f8dc6292773603d0d6aabbdd62a11ef721d1542d8', 'pbecker@example.com', 'Cody', 'Hawkins', '833-459-7272x57'),
(191, 'bellgreg', '5e884898da28047151d0e56f8dc6292773603d0d6aabbdd62a11ef721d1542d8', 'danielcarrillo@example.net', 'Devin', 'Gordon', '001-619-806-245'),
(192, 'reneeriddle', '5e884898da28047151d0e56f8dc6292773603d0d6aabbdd62a11ef721d1542d8', 'faithmathews@example.net', 'Joseph', 'Ross', '001-902-451-925'),
(193, 'xgomez', '5e884898da28047151d0e56f8dc6292773603d0d6aabbdd62a11ef721d1542d8', 'goodvictor@example.com', 'Gail', 'Gomez', '403-770-7081x07'),
(194, 'vanessa24', '5e884898da28047151d0e56f8dc6292773603d0d6aabbdd62a11ef721d1542d8', 'ayoung@example.org', 'Joseph', 'Murray', '5655232554'),
(195, 'samuel87', '5e884898da28047151d0e56f8dc6292773603d0d6aabbdd62a11ef721d1542d8', 'kempsamantha@example.net', 'Lindsay', 'Andrews', '752-337-4300x94'),
(196, 'jennifer98', '5e884898da28047151d0e56f8dc6292773603d0d6aabbdd62a11ef721d1542d8', 'steindana@example.org', 'Chad', 'Perkins', '836-370-1313'),
(197, 'ramirezdebbie', '5e884898da28047151d0e56f8dc6292773603d0d6aabbdd62a11ef721d1542d8', 'ashleycohen@example.org', 'Mitchell', 'Pineda', '302-658-6268x15'),
(198, 'matthew71', '5e884898da28047151d0e56f8dc6292773603d0d6aabbdd62a11ef721d1542d8', 'brownmicheal@example.org', 'Barbara', 'Young', '(359)827-6902x3'),
(199, 'ethanbutler', '5e884898da28047151d0e56f8dc6292773603d0d6aabbdd62a11ef721d1542d8', 'stephanie81@example.com', 'Autumn', 'Morris', '9784953786'),
(200, 'wilsondouglas', '5e884898da28047151d0e56f8dc6292773603d0d6aabbdd62a11ef721d1542d8', 'hjones@example.net', 'Timothy', 'Morris', '(587)581-2868');

--
-- Contraintes pour les tables déchargées
--

--
-- Contraintes pour la table `address`
--
ALTER TABLE `address`
  ADD CONSTRAINT `address_ibfk_1` FOREIGN KEY (`users_id`) REFERENCES `users` (`id`);

--
-- Contraintes pour la table `cart`
--
ALTER TABLE `cart`
  ADD CONSTRAINT `cart_ibfk_1` FOREIGN KEY (`users_id`) REFERENCES `users` (`id`);

--
-- Contraintes pour la table `cart_item`
--
ALTER TABLE `cart_item`
  ADD CONSTRAINT `cart_item_ibfk_1` FOREIGN KEY (`cart_id`) REFERENCES `cart` (`id`),
  ADD CONSTRAINT `cart_item_ibfk_2` FOREIGN KEY (`product_id`) REFERENCES `product` (`id`);

--
-- Contraintes pour la table `command`
--
ALTER TABLE `command`
  ADD CONSTRAINT `command_ibfk_1` FOREIGN KEY (`cart_id`) REFERENCES `cart` (`id`);

--
-- Contraintes pour la table `invoices`
--
ALTER TABLE `invoices`
  ADD CONSTRAINT `invoices_ibfk_1` FOREIGN KEY (`command_id`) REFERENCES `command` (`id`);

--
-- Contraintes pour la table `payment`
--
ALTER TABLE `payment`
  ADD CONSTRAINT `payment_ibfk_1` FOREIGN KEY (`users_id`) REFERENCES `users` (`id`);

--
-- Contraintes pour la table `photo`
--
ALTER TABLE `photo`
  ADD CONSTRAINT `photo_ibfk_1` FOREIGN KEY (`users_id`) REFERENCES `users` (`id`),
  ADD CONSTRAINT `photo_ibfk_2` FOREIGN KEY (`product_id`) REFERENCES `product` (`id`);
COMMIT;

/*!40101 SET CHARACTER_SET_CLIENT=@OLD_CHARACTER_SET_CLIENT */;
/*!40101 SET CHARACTER_SET_RESULTS=@OLD_CHARACTER_SET_RESULTS */;
/*!40101 SET COLLATION_CONNECTION=@OLD_COLLATION_CONNECTION */;
