-- phpMyAdmin SQL Dump
-- version 5.2.1
-- https://www.phpmyadmin.net/
--
-- Hôte : 127.0.0.1:3306
-- Généré le : dim. 24 nov. 2024 à 21:51
-- Version du serveur : 10.4.28-MariaDB
-- Version de PHP : 8.2.18

SET SQL_MODE = "NO_AUTO_VALUE_ON_ZERO";
START TRANSACTION;
SET time_zone = "+00:00";


/*!40101 SET @OLD_CHARACTER_SET_CLIENT=@@CHARACTER_SET_CLIENT */;
/*!40101 SET @OLD_CHARACTER_SET_RESULTS=@@CHARACTER_SET_RESULTS */;
/*!40101 SET @OLD_COLLATION_CONNECTION=@@COLLATION_CONNECTION */;
/*!40101 SET NAMES utf8mb4 */;

--
-- Base de données : `e_commerce_sql`
--

-- --------------------------------------------------------

--
-- Structure de la table `address`
--

DROP TABLE IF EXISTS `address`;
CREATE TABLE IF NOT EXISTS `address` (
  `id` int(11) NOT NULL AUTO_INCREMENT,
  `users_id` int(11) NOT NULL,
  `street` varchar(100) DEFAULT NULL,
  `city` varchar(50) DEFAULT NULL,
  `postal_code` varchar(10) DEFAULT NULL,
  `country` varchar(50) DEFAULT NULL,
  PRIMARY KEY (`id`),
  KEY `users_id` (`users_id`)
) ENGINE=InnoDB AUTO_INCREMENT=101 DEFAULT CHARSET=utf8mb4 COLLATE=utf8mb4_general_ci;

--
-- Déchargement des données de la table `address`
--

INSERT INTO `address` (`id`, `users_id`, `street`, `city`, `postal_code`, `country`) VALUES
(1, 1, '07691 Hammond Corners', 'Ortizton', '42330', 'Saint Lucia'),
(2, 2, '99324 Glenn Branch', 'West Ashley', '18067', 'Argentina'),
(3, 3, '8739 Lindsay Islands', 'East Carrieport', '57274', 'Samoa'),
(4, 4, '644 Kimberly Mountain Suite 638', 'Isaiahtown', '35233', 'Australia'),
(5, 5, '1940 Garrett Crest', 'Johnsonshire', '66508', 'South Africa'),
(6, 6, '45952 Bass Villages Apt. 092', 'Port Jeffrey', '05966', 'Uzbekistan'),
(7, 7, '0339 Steven Throughway Suite 123', 'Josephberg', '59056', 'Ghana'),
(8, 8, '9603 Richardson Fork', 'Emilychester', '28614', 'Macao'),
(9, 9, '34218 Brittany Trafficway', 'Tammyfurt', '89156', 'Bangladesh'),
(10, 10, '069 Bethany Inlet Suite 210', 'East John', '12572', 'Jamaica'),
(11, 11, '746 Santiago Cape', 'Joshuastad', '75989', 'Nauru'),
(12, 12, '06292 Bird Corners Suite 397', 'Jenniferville', '39091', 'Cambodia'),
(13, 13, '162 Allison Shores', 'Port Kimberlybury', '53643', 'Zambia'),
(14, 14, '17612 Sarah Fields Suite 222', 'Martinezfurt', '22657', 'Guinea-Bissau'),
(15, 15, '40700 Hicks Fields', 'Smithview', '88216', 'Barbados'),
(16, 16, '66749 Jacqueline Terrace Apt. 492', 'West Bryanton', '70377', 'Cook Islands'),
(17, 17, '56811 Davis Junction', 'South Bonniechester', '15125', 'United States Minor Outlying Islands'),
(18, 18, '2793 Susan River Suite 955', 'Port Bradleyborough', '26720', 'Moldova'),
(19, 19, '1643 Estrada Mews', 'Brandonland', '10118', 'French Guiana'),
(20, 20, '1123 Randall Course Suite 985', 'Martinezstad', '43706', 'Israel'),
(21, 21, '70215 Nicholas Spurs', 'New Charles', '82088', 'Sudan'),
(22, 22, '12536 Spencer Track Apt. 341', 'North Josephbury', '91057', 'Panama'),
(23, 23, '0250 Kelly Isle Suite 608', 'New Jonathan', '44714', 'Bulgaria'),
(24, 24, '181 Scott Creek', 'New Davidland', '77539', 'Dominica'),
(25, 25, '3646 Richard Pines Suite 548', 'West Jamie', '21755', 'Spain'),
(26, 26, '79302 Joshua Ways Suite 575', 'New Jenniferport', '17907', 'New Caledonia'),
(27, 27, '4307 Brown Square Suite 451', 'East Eduardoland', '16004', 'Burkina Faso'),
(28, 28, '1807 Stanley Station', 'Johnnyville', '06939', 'Iceland'),
(29, 29, '2768 Leonard Island', 'Port Jennifertown', '30767', 'Georgia'),
(30, 30, '5576 Bishop Divide', 'North Diane', '24223', 'Portugal'),
(31, 31, '0716 Meadows Mission', 'Tinafurt', '88179', 'Antigua and Barbuda'),
(32, 32, '5131 Stewart Wells Apt. 873', 'West Johnnyborough', '07634', 'Mauritius'),
(33, 33, '61294 Maddox Mews Suite 354', 'Amychester', '83625', 'Wallis and Futuna'),
(34, 34, '8799 Pearson Mountain', 'North Eric', '02622', 'Uzbekistan'),
(35, 35, '10415 Harrison Trafficway Suite 200', 'Zamorahaven', '96503', 'United Arab Emirates'),
(36, 36, '6029 Valdez Roads', 'Chadmouth', '83981', 'Vietnam'),
(37, 37, '343 Bonilla Extension Suite 890', 'Lake Carmenland', '70911', 'Mozambique'),
(38, 38, '793 Reeves Square Apt. 561', 'Lake Candiceburgh', '10346', 'Jersey'),
(39, 39, '24300 Laura Harbors', 'East Douglasfurt', '35895', 'Singapore'),
(40, 40, '7406 May Terrace', 'Adamsmouth', '56368', 'Pakistan'),
(41, 41, '849 Parker Turnpike Apt. 063', 'Port Joan', '68988', 'Austria'),
(42, 42, '1621 Amber Crescent', 'South Christopherberg', '68171', 'Micronesia'),
(43, 43, '489 Fleming Brook', 'New Patricia', '02253', 'Russian Federation'),
(44, 44, '86535 Beltran Field Suite 538', 'New Jenniferchester', '13127', 'Iceland'),
(45, 45, '852 Matthew Mission Apt. 022', 'Tonyaport', '78671', 'Samoa'),
(46, 46, '0753 Joan Rest Suite 141', 'Lake Josemouth', '48124', 'Dominican Republic'),
(47, 47, '34650 Bryan Glens', 'New Shannonstad', '21024', 'Ghana'),
(48, 48, '60382 Perez Meadow Suite 800', 'New Marco', '71746', 'Luxembourg'),
(49, 49, '50122 West Alley', 'South Scottfurt', '84594', 'Estonia'),
(50, 50, '72240 Theresa Gateway', 'Mendezton', '88048', 'Qatar'),
(51, 1, '7217 Anthony Trail Suite 216', 'South Shannonside', '73068', 'Afghanistan'),
(52, 2, '08950 Wilson Road Suite 178', 'South Hayden', '26771', 'Guadeloupe'),
(53, 3, '6060 Clarence Springs', 'Pattersonhaven', '94250', 'Western Sahara'),
(54, 4, '399 Hunter Brook Apt. 965', 'South Lisaburgh', '91110', 'Costa Rica'),
(55, 5, '8561 Frederick Pine Apt. 708', 'Cervantesmouth', '32139', 'Madagascar'),
(56, 6, '6326 Mayo Islands Suite 493', 'Reedville', '34333', 'Liberia'),
(57, 7, '8529 Chapman Viaduct', 'Brianfort', '62264', 'Indonesia'),
(58, 8, '5072 Marissa Grove Apt. 913', 'North Lauren', '55452', 'Sao Tome and Principe'),
(59, 9, '54815 Carter Burgs', 'North Lindatown', '10110', 'Hungary'),
(60, 10, '313 Carly Forge', 'Parkerhaven', '57808', 'Liechtenstein'),
(61, 11, '5748 Anthony Parkway', 'East Curtiston', '34749', 'Australia'),
(62, 12, '35638 Sloan Village Apt. 731', 'Margaretborough', '14208', 'Comoros'),
(63, 13, '6010 Don Locks Suite 245', 'East Robert', '72402', 'Pakistan'),
(64, 14, '7755 Caroline Stream Apt. 641', 'Harrisonport', '53182', 'Serbia'),
(65, 15, '0808 Kimberly Freeway', 'Sanchezstad', '23660', 'Brazil'),
(66, 16, '18469 Beard Ports', 'Port Sherryton', '86338', 'Nauru'),
(67, 17, '545 Conway Ranch', 'Christopherland', '24019', 'Namibia'),
(68, 18, '812 Mcguire Plain Suite 005', 'West Amy', '60410', 'Niue'),
(69, 19, '59378 Brandon Mills Apt. 573', 'East Emily', '58843', 'British Virgin Islands'),
(70, 20, '91139 Flores Overpass Suite 974', 'North Cheyenneport', '46243', 'Mayotte'),
(71, 21, '05802 Laura Camp Suite 979', 'Jenniferview', '46379', 'Finland'),
(72, 22, '422 Michael Roads', 'Michaelport', '23463', 'Tajikistan'),
(73, 23, '29129 Gregory Street Apt. 520', 'Hammondport', '88067', 'Malawi'),
(74, 24, '4279 Kaitlin Valley', 'Medinaland', '03865', 'Panama'),
(75, 25, '2826 Moss Terrace Suite 752', 'Lake Julieview', '61471', 'Gabon'),
(76, 26, '414 Klein Roads Apt. 414', 'Lake Dylan', '67347', 'Cuba'),
(77, 27, '1838 Rangel Summit', 'Angelicachester', '48469', 'Jordan'),
(78, 28, '328 Shannon Cape Suite 285', 'North Brent', '46439', 'Montenegro'),
(79, 29, '23179 Grant Center', 'Ginaland', '81835', 'Cocos (Keeling) Islands'),
(80, 30, '634 Randy Expressway Apt. 143', 'Port Donaldbury', '22562', 'Lao People\'s Democratic Republic'),
(81, 31, '31895 Joshua Village Suite 152', 'Thomasville', '05499', 'Suriname'),
(82, 32, '08850 Tristan Loaf', 'East Brittany', '36643', 'Paraguay'),
(83, 33, '1374 Austin Harbors', 'Gibbsmouth', '11900', 'Malta'),
(84, 34, '1870 Hannah Spring Apt. 806', 'Petersenhaven', '97970', 'Norway'),
(85, 35, '850 Wheeler Mountains', 'Gloriashire', '60580', 'Uzbekistan'),
(86, 36, '529 Ashley Harbors Suite 131', 'Port Sarah', '99645', 'Spain'),
(87, 37, '535 Horn Roads Suite 894', 'Port Kimberly', '93972', 'Indonesia'),
(88, 38, '53324 Lopez Isle', 'Brownhaven', '65852', 'Pitcairn Islands'),
(89, 39, '8079 Smith Crossroad', 'Lake Steven', '79871', 'Papua New Guinea'),
(90, 40, '0819 Ann Village', 'New Kathleen', '22516', 'Sao Tome and Principe'),
(91, 41, '9905 Elizabeth Meadows Apt. 094', 'Lake Leah', '41334', 'Japan'),
(92, 42, '389 Dana Pine', 'Scottview', '57627', 'Greece'),
(93, 43, '6714 Burns Village', 'West Natasha', '31975', 'British Indian Ocean Territory (Chagos Archipelago'),
(94, 44, '670 Kimberly Rest', 'East Chelsea', '52803', 'Australia'),
(95, 45, '513 Jeremy Point Suite 872', 'Port Taylorhaven', '15467', 'Dominica'),
(96, 46, '62667 Miller Neck Apt. 738', 'Huntberg', '86513', 'Angola'),
(97, 47, '664 Michelle Roads', 'Port Richardton', '23660', 'Heard Island and McDonald Islands'),
(98, 48, '1367 Vargas Prairie', 'East Robert', '58155', 'Nauru'),
(99, 49, '223 Martinez Rapids', 'New Jeffreyborough', '76281', 'Antigua and Barbuda'),
(100, 50, '746 Barr Courts', 'South Bradleyberg', '70456', 'Jamaica');

-- --------------------------------------------------------

--
-- Structure de la table `cart`
--

DROP TABLE IF EXISTS `cart`;
CREATE TABLE IF NOT EXISTS `cart` (
  `id` int(11) NOT NULL AUTO_INCREMENT,
  `users_id` int(11) NOT NULL,
  PRIMARY KEY (`id`),
  KEY `users_id` (`users_id`)
) ENGINE=InnoDB AUTO_INCREMENT=101 DEFAULT CHARSET=utf8mb4 COLLATE=utf8mb4_general_ci;

--
-- Déchargement des données de la table `cart`
--

INSERT INTO `cart` (`id`, `users_id`) VALUES
(1, 1),
(51, 1),
(2, 2),
(52, 2),
(3, 3),
(53, 3),
(4, 4),
(54, 4),
(5, 5),
(55, 5),
(6, 6),
(56, 6),
(7, 7),
(57, 7),
(8, 8),
(58, 8),
(9, 9),
(59, 9),
(10, 10),
(60, 10),
(11, 11),
(61, 11),
(12, 12),
(62, 12),
(13, 13),
(63, 13),
(14, 14),
(64, 14),
(15, 15),
(65, 15),
(16, 16),
(66, 16),
(17, 17),
(67, 17),
(18, 18),
(68, 18),
(19, 19),
(69, 19),
(20, 20),
(70, 20),
(21, 21),
(71, 21),
(22, 22),
(72, 22),
(23, 23),
(73, 23),
(24, 24),
(74, 24),
(25, 25),
(75, 25),
(26, 26),
(76, 26),
(27, 27),
(77, 27),
(28, 28),
(78, 28),
(29, 29),
(79, 29),
(30, 30),
(80, 30),
(31, 31),
(81, 31),
(32, 32),
(82, 32),
(33, 33),
(83, 33),
(34, 34),
(84, 34),
(35, 35),
(85, 35),
(36, 36),
(86, 36),
(37, 37),
(87, 37),
(38, 38),
(88, 38),
(39, 39),
(89, 39),
(40, 40),
(90, 40),
(41, 41),
(91, 41),
(42, 42),
(92, 42),
(43, 43),
(93, 43),
(44, 44),
(94, 44),
(45, 45),
(95, 45),
(46, 46),
(96, 46),
(47, 47),
(97, 47),
(48, 48),
(98, 48),
(49, 49),
(99, 49),
(50, 50),
(100, 50);

-- --------------------------------------------------------

--
-- Structure de la table `cart_item`
--

DROP TABLE IF EXISTS `cart_item`;
CREATE TABLE IF NOT EXISTS `cart_item` (
  `id` int(11) NOT NULL AUTO_INCREMENT,
  `cart_id` int(11) NOT NULL,
  `product_id` int(11) NOT NULL,
  `quantity` int(11) NOT NULL,
  PRIMARY KEY (`id`),
  KEY `cart_id` (`cart_id`),
  KEY `product_id` (`product_id`)
) ENGINE=InnoDB AUTO_INCREMENT=316 DEFAULT CHARSET=utf8mb4 COLLATE=utf8mb4_general_ci;

--
-- Déchargement des données de la table `cart_item`
--

INSERT INTO `cart_item` (`id`, `cart_id`, `product_id`, `quantity`) VALUES
(1, 1, 83, 1),
(2, 1, 4, 1),
(3, 1, 58, 2),
(4, 1, 5, 1),
(5, 2, 68, 2),
(6, 2, 15, 3),
(7, 2, 27, 1),
(8, 2, 26, 1),
(9, 3, 60, 2),
(10, 3, 82, 1),
(11, 3, 44, 2),
(12, 3, 15, 1),
(13, 3, 34, 3),
(14, 4, 3, 2),
(15, 4, 35, 3),
(16, 5, 79, 1),
(17, 5, 31, 2),
(18, 5, 30, 2),
(19, 5, 8, 2),
(20, 5, 7, 3),
(21, 6, 81, 2),
(22, 6, 4, 1),
(23, 6, 33, 3),
(24, 6, 30, 1),
(25, 6, 44, 3),
(26, 7, 25, 1),
(27, 7, 49, 2),
(28, 7, 10, 2),
(29, 7, 34, 1),
(30, 8, 58, 1),
(31, 8, 87, 2),
(32, 8, 100, 3),
(33, 8, 78, 3),
(34, 8, 1, 3),
(35, 9, 59, 1),
(36, 9, 15, 2),
(37, 9, 72, 1),
(38, 10, 52, 2),
(39, 10, 89, 2),
(40, 10, 8, 1),
(41, 10, 39, 3),
(42, 11, 19, 3),
(43, 11, 88, 3),
(44, 11, 55, 1),
(45, 11, 38, 1),
(46, 11, 11, 3),
(47, 12, 99, 1),
(48, 12, 54, 2),
(49, 12, 43, 1),
(50, 12, 75, 3),
(51, 13, 100, 2),
(52, 14, 99, 3),
(53, 15, 84, 2),
(54, 15, 71, 1),
(55, 15, 13, 2),
(56, 15, 99, 2),
(57, 15, 38, 2),
(58, 16, 22, 2),
(59, 17, 89, 3),
(60, 17, 71, 2),
(61, 17, 87, 1),
(62, 17, 53, 2),
(63, 17, 15, 3),
(64, 18, 70, 2),
(65, 19, 95, 3),
(66, 19, 55, 2),
(67, 20, 44, 1),
(68, 20, 30, 1),
(69, 21, 47, 1),
(70, 21, 59, 3),
(71, 21, 92, 3),
(72, 21, 73, 2),
(73, 22, 38, 3),
(74, 22, 57, 1),
(75, 23, 11, 1),
(76, 23, 13, 2),
(77, 23, 85, 2),
(78, 23, 22, 2),
(79, 24, 96, 2),
(80, 24, 83, 3),
(81, 24, 78, 1),
(82, 25, 61, 2),
(83, 25, 13, 1),
(84, 26, 50, 2),
(85, 26, 26, 2),
(86, 26, 61, 2),
(87, 26, 11, 2),
(88, 27, 58, 3),
(89, 27, 34, 3),
(90, 27, 9, 2),
(91, 28, 63, 1),
(92, 28, 60, 2),
(93, 28, 31, 2),
(94, 28, 14, 2),
(95, 29, 15, 2),
(96, 30, 56, 2),
(97, 31, 4, 3),
(98, 31, 21, 1),
(99, 31, 31, 2),
(100, 32, 26, 1),
(101, 33, 99, 3),
(102, 33, 71, 2),
(103, 33, 3, 3),
(104, 34, 84, 3),
(105, 34, 69, 2),
(106, 34, 99, 3),
(107, 34, 51, 3),
(108, 35, 50, 3),
(109, 35, 60, 2),
(110, 35, 75, 2),
(111, 35, 88, 2),
(112, 36, 40, 3),
(113, 36, 34, 2),
(114, 36, 35, 1),
(115, 37, 81, 1),
(116, 37, 77, 2),
(117, 38, 90, 1),
(118, 38, 29, 3),
(119, 38, 97, 1),
(120, 38, 55, 3),
(121, 39, 42, 1),
(122, 39, 10, 2),
(123, 39, 91, 1),
(124, 40, 64, 2),
(125, 41, 4, 3),
(126, 41, 73, 3),
(127, 41, 19, 2),
(128, 41, 51, 1),
(129, 41, 23, 3),
(130, 42, 8, 3),
(131, 42, 14, 2),
(132, 42, 26, 3),
(133, 43, 93, 2),
(134, 43, 43, 3),
(135, 43, 18, 2),
(136, 43, 34, 1),
(137, 44, 64, 2),
(138, 44, 54, 2),
(139, 44, 68, 3),
(140, 45, 82, 1),
(141, 45, 37, 2),
(142, 45, 5, 2),
(143, 46, 11, 1),
(144, 46, 84, 2),
(145, 47, 14, 2),
(146, 47, 47, 3),
(147, 47, 92, 2),
(148, 47, 53, 3),
(149, 48, 49, 1),
(150, 48, 40, 1),
(151, 48, 100, 3),
(152, 49, 43, 2),
(153, 49, 77, 3),
(154, 49, 71, 2),
(155, 50, 10, 2),
(156, 50, 91, 1),
(157, 50, 26, 2),
(158, 51, 36, 1),
(159, 51, 13, 1),
(160, 52, 59, 3),
(161, 53, 84, 1),
(162, 53, 94, 1),
(163, 53, 82, 1),
(164, 53, 10, 3),
(165, 54, 14, 2),
(166, 54, 70, 2),
(167, 55, 20, 3),
(168, 55, 32, 3),
(169, 56, 69, 3),
(170, 57, 48, 2),
(171, 58, 46, 2),
(172, 59, 100, 1),
(173, 59, 27, 3),
(174, 59, 23, 3),
(175, 59, 13, 1),
(176, 60, 17, 2),
(177, 60, 67, 1),
(178, 61, 45, 3),
(179, 61, 70, 1),
(180, 61, 35, 2),
(181, 61, 51, 1),
(182, 62, 100, 3),
(183, 62, 87, 1),
(184, 62, 25, 3),
(185, 62, 65, 1),
(186, 63, 98, 3),
(187, 63, 99, 2),
(188, 63, 98, 2),
(189, 64, 83, 1),
(190, 64, 36, 2),
(191, 64, 56, 1),
(192, 64, 85, 3),
(193, 64, 65, 2),
(194, 65, 19, 1),
(195, 65, 88, 3),
(196, 65, 9, 1),
(197, 65, 68, 2),
(198, 65, 71, 3),
(199, 66, 36, 3),
(200, 66, 35, 2),
(201, 66, 26, 2),
(202, 66, 86, 3),
(203, 67, 76, 1),
(204, 68, 48, 1),
(205, 68, 79, 3),
(206, 68, 67, 2),
(207, 68, 59, 3),
(208, 69, 64, 2),
(209, 70, 42, 3),
(210, 71, 20, 3),
(211, 71, 77, 2),
(212, 71, 86, 2),
(213, 71, 99, 2),
(214, 71, 2, 2),
(215, 72, 60, 2),
(216, 72, 88, 1),
(217, 72, 5, 3),
(218, 72, 47, 3),
(219, 73, 89, 3),
(220, 73, 99, 3),
(221, 73, 2, 1),
(222, 73, 44, 3),
(223, 73, 6, 3),
(224, 74, 8, 2),
(225, 74, 4, 1),
(226, 74, 48, 3),
(227, 75, 37, 1),
(228, 75, 12, 2),
(229, 75, 100, 3),
(230, 75, 54, 3),
(231, 76, 1, 2),
(232, 76, 94, 3),
(233, 76, 85, 3),
(234, 76, 90, 2),
(235, 77, 56, 1),
(236, 77, 6, 1),
(237, 77, 62, 1),
(238, 78, 73, 1),
(239, 78, 96, 3),
(240, 78, 95, 3),
(241, 78, 91, 1),
(242, 78, 87, 1),
(243, 79, 5, 2),
(244, 79, 84, 1),
(245, 79, 69, 1),
(246, 79, 22, 3),
(247, 80, 52, 3),
(248, 80, 37, 2),
(249, 81, 79, 1),
(250, 81, 84, 3),
(251, 81, 2, 1),
(252, 81, 66, 3),
(253, 82, 100, 1),
(254, 83, 24, 2),
(255, 83, 44, 3),
(256, 83, 94, 3),
(257, 83, 93, 1),
(258, 84, 60, 2),
(259, 84, 68, 2),
(260, 85, 39, 3),
(261, 86, 95, 1),
(262, 86, 64, 3),
(263, 86, 44, 2),
(264, 86, 83, 1),
(265, 86, 65, 1),
(266, 87, 43, 3),
(267, 87, 6, 1),
(268, 87, 26, 1),
(269, 88, 24, 1),
(270, 88, 4, 1),
(271, 88, 30, 1),
(272, 89, 91, 3),
(273, 89, 63, 1),
(274, 90, 72, 1),
(275, 90, 27, 3),
(276, 90, 21, 2),
(277, 90, 22, 3),
(278, 91, 41, 1),
(279, 91, 100, 1),
(280, 91, 16, 2),
(281, 91, 3, 2),
(282, 91, 92, 2),
(283, 92, 76, 1),
(284, 92, 40, 2),
(285, 92, 50, 1),
(286, 92, 72, 2),
(287, 92, 61, 1),
(288, 93, 87, 1),
(289, 93, 82, 3),
(290, 93, 78, 1),
(291, 93, 35, 2),
(292, 93, 58, 1),
(293, 94, 62, 3),
(294, 94, 57, 1),
(295, 94, 36, 1),
(296, 95, 34, 1),
(297, 95, 46, 3),
(298, 96, 95, 3),
(299, 96, 96, 1),
(300, 96, 29, 2),
(301, 97, 19, 1),
(302, 98, 65, 2),
(303, 98, 58, 1),
(304, 98, 22, 2),
(305, 98, 62, 2),
(306, 99, 5, 2),
(307, 99, 28, 2),
(308, 99, 33, 1),
(309, 99, 8, 1),
(310, 99, 96, 1),
(311, 100, 83, 1),
(312, 100, 67, 2),
(313, 100, 34, 1),
(314, 100, 63, 3),
(315, 100, 95, 1);

-- --------------------------------------------------------

--
-- Structure de la table `command`
--

DROP TABLE IF EXISTS `command`;
CREATE TABLE IF NOT EXISTS `command` (
  `id` int(11) NOT NULL AUTO_INCREMENT,
  `cart_id` int(11) NOT NULL,
  `total_amount` decimal(10,2) NOT NULL,
  `payment_status` enum('pending','paid','cancelled') NOT NULL,
  PRIMARY KEY (`id`),
  KEY `cart_id` (`cart_id`)
) ENGINE=InnoDB AUTO_INCREMENT=101 DEFAULT CHARSET=utf8mb4 COLLATE=utf8mb4_general_ci;

--
-- Déchargement des données de la table `command`
--

INSERT INTO `command` (`id`, `cart_id`, `total_amount`, `payment_status`) VALUES
(1, 1, 116.20, 'pending'),
(2, 2, 332.66, 'paid'),
(3, 3, 156.69, 'pending'),
(4, 4, 437.80, 'pending'),
(5, 5, 279.86, 'cancelled'),
(6, 6, 27.83, 'pending'),
(7, 7, 498.91, 'pending'),
(8, 8, 160.80, 'cancelled'),
(9, 9, 406.66, 'pending'),
(10, 10, 307.39, 'paid'),
(11, 11, 110.61, 'paid'),
(12, 12, 426.44, 'cancelled'),
(13, 13, 30.56, 'pending'),
(14, 14, 398.74, 'pending'),
(15, 15, 52.73, 'paid'),
(16, 16, 125.34, 'paid'),
(17, 17, 423.57, 'cancelled'),
(18, 18, 317.41, 'cancelled'),
(19, 19, 78.92, 'cancelled'),
(20, 20, 206.73, 'cancelled'),
(21, 21, 389.91, 'pending'),
(22, 22, 27.32, 'paid'),
(23, 23, 79.73, 'cancelled'),
(24, 24, 96.10, 'cancelled'),
(25, 25, 209.50, 'pending'),
(26, 26, 312.73, 'pending'),
(27, 27, 470.61, 'pending'),
(28, 28, 357.57, 'cancelled'),
(29, 29, 215.30, 'paid'),
(30, 30, 47.56, 'cancelled'),
(31, 31, 251.56, 'pending'),
(32, 32, 302.38, 'cancelled'),
(33, 33, 185.88, 'paid'),
(34, 34, 66.99, 'paid'),
(35, 35, 239.48, 'paid'),
(36, 36, 73.41, 'pending'),
(37, 37, 135.34, 'pending'),
(38, 38, 31.61, 'pending'),
(39, 39, 250.21, 'paid'),
(40, 40, 254.85, 'cancelled'),
(41, 41, 175.41, 'paid'),
(42, 42, 122.67, 'cancelled'),
(43, 43, 497.58, 'cancelled'),
(44, 44, 366.39, 'paid'),
(45, 45, 338.10, 'cancelled'),
(46, 46, 31.64, 'cancelled'),
(47, 47, 206.82, 'cancelled'),
(48, 48, 306.20, 'pending'),
(49, 49, 179.23, 'cancelled'),
(50, 50, 322.92, 'paid'),
(51, 1, 282.82, 'paid'),
(52, 2, 251.43, 'paid'),
(53, 3, 213.53, 'cancelled'),
(54, 4, 187.27, 'pending'),
(55, 5, 159.89, 'cancelled'),
(56, 6, 473.34, 'cancelled'),
(57, 7, 301.72, 'pending'),
(58, 8, 226.78, 'cancelled'),
(59, 9, 184.62, 'paid'),
(60, 10, 213.88, 'pending'),
(61, 11, 457.95, 'cancelled'),
(62, 12, 339.26, 'paid'),
(63, 13, 353.79, 'cancelled'),
(64, 14, 453.87, 'pending'),
(65, 15, 387.18, 'cancelled'),
(66, 16, 412.74, 'cancelled'),
(67, 17, 142.66, 'pending'),
(68, 18, 118.18, 'cancelled'),
(69, 19, 282.22, 'cancelled'),
(70, 20, 304.77, 'pending'),
(71, 21, 21.71, 'paid'),
(72, 22, 416.32, 'pending'),
(73, 23, 166.17, 'paid'),
(74, 24, 134.58, 'cancelled'),
(75, 25, 292.73, 'cancelled'),
(76, 26, 483.29, 'paid'),
(77, 27, 442.35, 'cancelled'),
(78, 28, 415.16, 'pending'),
(79, 29, 386.12, 'pending'),
(80, 30, 270.98, 'cancelled'),
(81, 31, 449.27, 'paid'),
(82, 32, 458.20, 'pending'),
(83, 33, 247.27, 'paid'),
(84, 34, 297.93, 'pending'),
(85, 35, 199.77, 'cancelled'),
(86, 36, 92.74, 'pending'),
(87, 37, 381.76, 'pending'),
(88, 38, 209.95, 'cancelled'),
(89, 39, 27.80, 'paid'),
(90, 40, 51.21, 'cancelled'),
(91, 41, 148.72, 'paid'),
(92, 42, 126.56, 'paid'),
(93, 43, 199.99, 'paid'),
(94, 44, 230.35, 'paid'),
(95, 45, 125.56, 'paid'),
(96, 46, 185.56, 'paid'),
(97, 47, 225.15, 'paid'),
(98, 48, 201.41, 'pending'),
(99, 49, 320.54, 'cancelled'),
(100, 50, 455.10, 'pending');

-- --------------------------------------------------------

--
-- Structure de la table `invoices`
--

DROP TABLE IF EXISTS `invoices`;
CREATE TABLE IF NOT EXISTS `invoices` (
  `id` int(11) NOT NULL AUTO_INCREMENT,
  `command_id` int(11) NOT NULL,
  `total_amount` decimal(10,2) NOT NULL,
  `payment_status` enum('paid','unpaid') NOT NULL,
  PRIMARY KEY (`id`),
  KEY `command_id` (`command_id`)
) ENGINE=InnoDB AUTO_INCREMENT=101 DEFAULT CHARSET=utf8mb4 COLLATE=utf8mb4_general_ci;

--
-- Déchargement des données de la table `invoices`
--

INSERT INTO `invoices` (`id`, `command_id`, `total_amount`, `payment_status`) VALUES
(1, 1, 116.20, 'unpaid'),
(2, 2, 332.66, 'paid'),
(3, 3, 156.69, 'unpaid'),
(4, 4, 437.80, 'unpaid'),
(5, 5, 279.86, 'unpaid'),
(6, 6, 27.83, 'unpaid'),
(7, 7, 498.91, 'unpaid'),
(8, 8, 160.80, 'unpaid'),
(9, 9, 406.66, 'unpaid'),
(10, 10, 307.39, 'paid'),
(11, 11, 110.61, 'paid'),
(12, 12, 426.44, 'unpaid'),
(13, 13, 30.56, 'unpaid'),
(14, 14, 398.74, 'unpaid'),
(15, 15, 52.73, 'paid'),
(16, 16, 125.34, 'paid'),
(17, 17, 423.57, 'unpaid'),
(18, 18, 317.41, 'unpaid'),
(19, 19, 78.92, 'unpaid'),
(20, 20, 206.73, 'unpaid'),
(21, 21, 389.91, 'unpaid'),
(22, 22, 27.32, 'paid'),
(23, 23, 79.73, 'unpaid'),
(24, 24, 96.10, 'unpaid'),
(25, 25, 209.50, 'unpaid'),
(26, 26, 312.73, 'unpaid'),
(27, 27, 470.61, 'unpaid'),
(28, 28, 357.57, 'unpaid'),
(29, 29, 215.30, 'paid'),
(30, 30, 47.56, 'unpaid'),
(31, 31, 251.56, 'unpaid'),
(32, 32, 302.38, 'unpaid'),
(33, 33, 185.88, 'paid'),
(34, 34, 66.99, 'paid'),
(35, 35, 239.48, 'paid'),
(36, 36, 73.41, 'unpaid'),
(37, 37, 135.34, 'unpaid'),
(38, 38, 31.61, 'unpaid'),
(39, 39, 250.21, 'paid'),
(40, 40, 254.85, 'unpaid'),
(41, 41, 175.41, 'paid'),
(42, 42, 122.67, 'unpaid'),
(43, 43, 497.58, 'unpaid'),
(44, 44, 366.39, 'paid'),
(45, 45, 338.10, 'unpaid'),
(46, 46, 31.64, 'unpaid'),
(47, 47, 206.82, 'unpaid'),
(48, 48, 306.20, 'unpaid'),
(49, 49, 179.23, 'unpaid'),
(50, 50, 322.92, 'paid'),
(51, 51, 282.82, 'paid'),
(52, 52, 251.43, 'paid'),
(53, 53, 213.53, 'unpaid'),
(54, 54, 187.27, 'unpaid'),
(55, 55, 159.89, 'unpaid'),
(56, 56, 473.34, 'unpaid'),
(57, 57, 301.72, 'unpaid'),
(58, 58, 226.78, 'unpaid'),
(59, 59, 184.62, 'paid'),
(60, 60, 213.88, 'unpaid'),
(61, 61, 457.95, 'unpaid'),
(62, 62, 339.26, 'paid'),
(63, 63, 353.79, 'unpaid'),
(64, 64, 453.87, 'unpaid'),
(65, 65, 387.18, 'unpaid'),
(66, 66, 412.74, 'unpaid'),
(67, 67, 142.66, 'unpaid'),
(68, 68, 118.18, 'unpaid'),
(69, 69, 282.22, 'unpaid'),
(70, 70, 304.77, 'unpaid'),
(71, 71, 21.71, 'paid'),
(72, 72, 416.32, 'unpaid'),
(73, 73, 166.17, 'paid'),
(74, 74, 134.58, 'unpaid'),
(75, 75, 292.73, 'unpaid'),
(76, 76, 483.29, 'paid'),
(77, 77, 442.35, 'unpaid'),
(78, 78, 415.16, 'unpaid'),
(79, 79, 386.12, 'unpaid'),
(80, 80, 270.98, 'unpaid'),
(81, 81, 449.27, 'paid'),
(82, 82, 458.20, 'unpaid'),
(83, 83, 247.27, 'paid'),
(84, 84, 297.93, 'unpaid'),
(85, 85, 199.77, 'unpaid'),
(86, 86, 92.74, 'unpaid'),
(87, 87, 381.76, 'unpaid'),
(88, 88, 209.95, 'unpaid'),
(89, 89, 27.80, 'paid'),
(90, 90, 51.21, 'unpaid'),
(91, 91, 148.72, 'paid'),
(92, 92, 126.56, 'paid'),
(93, 93, 199.99, 'paid'),
(94, 94, 230.35, 'paid'),
(95, 95, 125.56, 'paid'),
(96, 96, 185.56, 'paid'),
(97, 97, 225.15, 'paid'),
(98, 98, 201.41, 'unpaid'),
(99, 99, 320.54, 'unpaid'),
(100, 100, 455.10, 'unpaid');

-- --------------------------------------------------------

--
-- Structure de la table `payment`
--

DROP TABLE IF EXISTS `payment`;
CREATE TABLE IF NOT EXISTS `payment` (
  `id` int(11) NOT NULL AUTO_INCREMENT,
  `users_id` int(11) NOT NULL,
  `payment_method` varchar(50) NOT NULL,
  `card_number` varchar(16) DEFAULT NULL,
  `iban` varchar(34) DEFAULT NULL,
  `expiration_date` date DEFAULT NULL,
  `cvv` varchar(3) DEFAULT NULL,
  PRIMARY KEY (`id`),
  KEY `users_id` (`users_id`)
) ENGINE=InnoDB AUTO_INCREMENT=101 DEFAULT CHARSET=utf8mb4 COLLATE=utf8mb4_general_ci;

--
-- Déchargement des données de la table `payment`
--

INSERT INTO `payment` (`id`, `users_id`, `payment_method`, `card_number`, `iban`, `expiration_date`, `cvv`) VALUES
(1, 1, 'VISA 19 digit', '4610501937722545', 'GB26PFNE72795820275341', '0000-00-00', '525'),
(2, 2, 'American Express', '4829132425800', 'GB37TGKI69988445372248', '0000-00-00', '187'),
(3, 3, 'JCB 16 digit', '4199395527720', 'GB93LFRL47793975683288', '0000-00-00', '716'),
(4, 4, 'VISA 13 digit', '4993639707446116', 'GB22XTKN85680820946725', '0000-00-00', '697'),
(5, 5, 'Maestro', '6556490619265893', 'GB67TBSX52029925777030', '0000-00-00', '158'),
(6, 6, 'Discover', '30265858927869', 'GB76WYLZ43135421580035', '0000-00-00', '448'),
(7, 7, 'JCB 15 digit', '30514593344306', 'GB95THTI83946560417068', '0000-00-00', '636'),
(8, 8, 'Mastercard', '213130792604074', 'GB16OGAU59445408854947', '0000-00-00', '511'),
(9, 9, 'VISA 16 digit', '4104177570285463', 'GB74NLWY74386457186274', '0000-00-00', '327'),
(10, 10, 'Mastercard', '3555401056170312', 'GB56NTLM61971488372961', '0000-00-00', '648'),
(11, 11, 'VISA 19 digit', '4455718109959469', 'GB45SDGQ75050252161527', '0000-00-00', '163'),
(12, 12, 'Diners Club / Carte Blanche', '348788268619906', 'GB53OQXD79782537392180', '0000-00-00', '256'),
(13, 13, 'Mastercard', '3572865853885802', 'GB71ANAL52236785044100', '0000-00-00', '842'),
(14, 14, 'JCB 16 digit', '4560878026911019', 'GB29QQVV29756286718211', '0000-00-00', '444'),
(15, 15, 'Maestro', '6513731682200818', 'GB89LAJW81488120951377', '0000-00-00', '274'),
(16, 16, 'JCB 16 digit', '213143954860764', 'GB09OELK60153312537963', '0000-00-00', '810'),
(17, 17, 'VISA 13 digit', '676379500496', 'GB75RGDP86334091959594', '0000-00-00', '955'),
(18, 18, 'VISA 19 digit', '4325394721440', 'GB48UOVK13421688303835', '0000-00-00', '980'),
(19, 19, 'JCB 16 digit', '373680193976550', 'GB61FLGB67030006319470', '0000-00-00', '888'),
(20, 20, 'Maestro', '343502108515496', 'GB22TPTU01747396412055', '0000-00-00', '841'),
(21, 21, 'Mastercard', '4497441388680058', 'GB46GRBO81305857386704', '0000-00-00', '457'),
(22, 22, 'Diners Club / Carte Blanche', '4584080462385905', 'GB35UTCV99461701056096', '0000-00-00', '801'),
(23, 23, 'Mastercard', '4375525424701218', 'GB43AKEW09871773242980', '0000-00-00', '906'),
(24, 24, 'JCB 16 digit', '345537699137639', 'GB08JZBJ32415920544654', '0000-00-00', '443'),
(25, 25, 'Diners Club / Carte Blanche', '346268289424018', 'GB64RXAT81021174083331', '0000-00-00', '257'),
(26, 26, 'Mastercard', '348447743452371', 'GB09VKAW50755568166025', '0000-00-00', '995'),
(27, 27, 'JCB 16 digit', '3585111562242422', 'GB11ZVAH21454505332449', '0000-00-00', '556'),
(28, 28, 'Maestro', '4703061086158', 'GB87YPEJ67184791430984', '0000-00-00', '290'),
(29, 29, 'VISA 16 digit', '4572506173989876', 'GB42ZZDQ79130314273141', '0000-00-00', '823'),
(30, 30, 'VISA 16 digit', '4750940438145956', 'GB24RXUH52165362066680', '0000-00-00', '113'),
(31, 31, 'JCB 16 digit', '502054157610', 'GB47JNBK31845899789178', '0000-00-00', '196'),
(32, 32, 'VISA 16 digit', '341199681437834', 'GB10LQUS64975245753051', '0000-00-00', '478'),
(33, 33, 'Mastercard', '2267863706662256', 'GB52CPKQ91345104860482', '0000-00-00', '777'),
(34, 34, 'JCB 16 digit', '4921274915297708', 'GB04VBQU70177629013770', '0000-00-00', '10'),
(35, 35, 'VISA 19 digit', '180060154825364', 'GB57BPBW73723191762208', '0000-00-00', '81'),
(36, 36, 'Discover', '6011877096371211', 'GB50CWTE62791061432842', '0000-00-00', '570'),
(37, 37, 'JCB 16 digit', '4453274687862222', 'GB04RXXJ78133687246620', '0000-00-00', '551'),
(38, 38, 'JCB 16 digit', '6011484486796576', 'GB38ZFOU11340046635040', '0000-00-00', '58'),
(39, 39, 'JCB 15 digit', '6529150879906354', 'GB61NRBW30893023239740', '0000-00-00', '574'),
(40, 40, 'VISA 16 digit', '30452960864574', 'GB41CRZL71887038130077', '0000-00-00', '53'),
(41, 41, 'VISA 16 digit', '30458037557356', 'GB24ILIQ89577061371826', '0000-00-00', '326'),
(42, 42, 'JCB 15 digit', '4344291308368655', 'GB31IBOT15919148585561', '0000-00-00', '663'),
(43, 43, 'Maestro', '4730692281622301', 'GB46VDBX92748610791334', '0000-00-00', '927'),
(44, 44, 'Discover', '3547941232198605', 'GB16HDVK60143504210060', '0000-00-00', '967'),
(45, 45, 'VISA 13 digit', '180049603612192', 'GB20HZIY54401174332595', '0000-00-00', '115'),
(46, 46, 'VISA 16 digit', '213102663652078', 'GB84HPSG85100579704642', '0000-00-00', '160'),
(47, 47, 'VISA 16 digit', '3507124495796161', 'GB48FNOP40527618713986', '0000-00-00', '573'),
(48, 48, 'VISA 19 digit', '4790317078659', 'GB44RQMC03839113718993', '0000-00-00', '422'),
(49, 49, 'Mastercard', '4348632283100272', 'GB11CLLD97421316246472', '0000-00-00', '188'),
(50, 50, 'JCB 16 digit', '213192401467871', 'GB60YTDI68873161853115', '0000-00-00', '85'),
(51, 1, 'VISA 19 digit', '4652555210483649', 'GB71TKLO60513009821804', '0000-00-00', '246'),
(52, 2, 'VISA 13 digit', '4758365488963', 'GB36ALSR81210822972818', '0000-00-00', '423'),
(53, 3, 'VISA 13 digit', '4638343687698056', 'GB62HFWW32457223079112', '0000-00-00', '720'),
(54, 4, 'Mastercard', '3573130028436026', 'GB02MFIG99318739139409', '0000-00-00', '518'),
(55, 5, 'VISA 16 digit', '5328116343558423', 'GB08DUCJ09009468065711', '0000-00-00', '786'),
(56, 6, 'Maestro', '4944947433330274', 'GB58OTXW19761389604263', '0000-00-00', '854'),
(57, 7, 'American Express', '4112158000124', 'GB44HAOT16450400072430', '0000-00-00', '772'),
(58, 8, 'VISA 16 digit', '566245369657', 'GB97KVLQ17556969808674', '0000-00-00', '227'),
(59, 9, 'Discover', '4576481519692501', 'GB57MWYU09013570837970', '0000-00-00', '541'),
(60, 10, 'VISA 16 digit', '3591905035055978', 'GB51MJLZ18197739987102', '0000-00-00', '786'),
(61, 11, 'JCB 16 digit', '4740215195081052', 'GB61MWEB52523294764475', '0000-00-00', '117'),
(62, 12, 'JCB 16 digit', '5394183807152381', 'GB70ZPKQ99079395493964', '0000-00-00', '72'),
(63, 13, 'JCB 16 digit', '6011247228358504', 'GB59UFRT09715898400196', '0000-00-00', '63'),
(64, 14, 'Discover', '213193483347015', 'GB45AAOZ33080960752289', '0000-00-00', '781'),
(65, 15, 'American Express', '4021584526517354', 'GB33INBC05970042009963', '0000-00-00', '400'),
(66, 16, 'VISA 16 digit', '060408060287', 'GB14WYMH92006499510966', '0000-00-00', '810'),
(67, 17, 'VISA 16 digit', '6524039799429925', 'GB50MSBV60628909548610', '0000-00-00', '276'),
(68, 18, 'VISA 16 digit', '376662825756094', 'GB18JCGW62581771093194', '0000-00-00', '37'),
(69, 19, 'VISA 16 digit', '4944737900521483', 'GB47OOVX80769814727629', '0000-00-00', '236'),
(70, 20, 'VISA 16 digit', '4788926607006018', 'GB83ICXT91425434353736', '0000-00-00', '405'),
(71, 21, 'VISA 16 digit', '6582026650669417', 'GB41ITTY00441638693288', '0000-00-00', '759'),
(72, 22, 'Maestro', '213142713504424', 'GB30AFFO37799420334819', '0000-00-00', '345'),
(73, 23, 'JCB 16 digit', '213187180341875', 'GB85FABH39777688571992', '0000-00-00', '537'),
(74, 24, 'JCB 16 digit', '180092779448389', 'GB19USJP11750970212254', '0000-00-00', '663'),
(75, 25, 'Discover', '38820787373346', 'GB53LHKD70464910725579', '0000-00-00', '308'),
(76, 26, 'VISA 13 digit', '30160917155547', 'GB71RZKC86778276317242', '0000-00-00', '903'),
(77, 27, 'Discover', '3569278916546434', 'GB06NUUF33635803994145', '0000-00-00', '793'),
(78, 28, 'Discover', '4159392665029529', 'GB22RRLC95629215998508', '0000-00-00', '823'),
(79, 29, 'JCB 16 digit', '6011959191706481', 'GB29RBEN07242692710038', '0000-00-00', '113'),
(80, 30, 'American Express', '3597992336679965', 'GB62XXXJ21019723568955', '0000-00-00', '905'),
(81, 31, 'VISA 16 digit', '343527563960515', 'GB93SLAB91303086478335', '0000-00-00', '346'),
(82, 32, 'Discover', '2489386548930386', 'GB86LDDQ70814396103645', '0000-00-00', '797'),
(83, 33, 'VISA 16 digit', '3511589612569515', 'GB20XFLL12768299789728', '0000-00-00', '877'),
(84, 34, 'Mastercard', '4125900587815831', 'GB39YINF19577514690833', '0000-00-00', '249'),
(85, 35, 'VISA 16 digit', '180083726180043', 'GB97NLOE06282586112784', '0000-00-00', '904'),
(86, 36, 'VISA 16 digit', '213183645883890', 'GB47VKOS33387817372405', '0000-00-00', '81'),
(87, 37, 'VISA 13 digit', '6598695912225275', 'GB69XAZY26510957319715', '0000-00-00', '785'),
(88, 38, 'JCB 15 digit', '4289518063240219', 'GB74TFVN73047172766267', '0000-00-00', '106'),
(89, 39, 'VISA 19 digit', '4450237139846922', 'GB66LVXD24424958013871', '0000-00-00', '55'),
(90, 40, 'American Express', '6011454876986947', 'GB22OQIA60430054665487', '0000-00-00', '170'),
(91, 41, 'JCB 16 digit', '180064346681016', 'GB08VZRS67603404348376', '0000-00-00', '121'),
(92, 42, 'American Express', '676102510812', 'GB44MDMI72453942433657', '0000-00-00', '971'),
(93, 43, 'Maestro', '5333364638248093', 'GB36YKNI41674977056246', '0000-00-00', '424'),
(94, 44, 'Discover', '378257989512942', 'GB36VICX24881731513078', '0000-00-00', '767'),
(95, 45, 'JCB 16 digit', '4021324171972245', 'GB30HJLI03811165960935', '0000-00-00', '718'),
(96, 46, 'JCB 16 digit', '4584007820711090', 'GB19TQKN55658228751685', '0000-00-00', '231'),
(97, 47, 'VISA 19 digit', '4731477298310894', 'GB38SDEQ14022860433282', '0000-00-00', '137'),
(98, 48, 'VISA 13 digit', '4218161247427646', 'GB12LBKM24547016621950', '0000-00-00', '231'),
(99, 49, 'Mastercard', '4952386025734321', 'GB87ZVMY15305076762806', '0000-00-00', '895'),
(100, 50, 'JCB 16 digit', '213147318934801', 'GB64KNOK87585162517985', '0000-00-00', '945');

-- --------------------------------------------------------

--
-- Structure de la table `photo`
--

DROP TABLE IF EXISTS `photo`;
CREATE TABLE IF NOT EXISTS `photo` (
  `id` int(11) NOT NULL AUTO_INCREMENT,
  `users_id` int(11) DEFAULT NULL,
  `product_id` int(11) DEFAULT NULL,
  `photo_url` varchar(255) NOT NULL,
  PRIMARY KEY (`id`),
  KEY `users_id` (`users_id`),
  KEY `product_id` (`product_id`)
) ENGINE=InnoDB AUTO_INCREMENT=101 DEFAULT CHARSET=utf8mb4 COLLATE=utf8mb4_general_ci;

--
-- Déchargement des données de la table `photo`
--

INSERT INTO `photo` (`id`, `users_id`, `product_id`, `photo_url`) VALUES
(1, 32, 34, 'https://placekitten.com/326/264'),
(2, 6, 70, 'https://picsum.photos/963/371'),
(3, 2, 60, 'https://placekitten.com/95/667'),
(4, 31, 74, 'https://dummyimage.com/5x217'),
(5, 35, 80, 'https://picsum.photos/4/263'),
(6, 14, 89, 'https://placekitten.com/623/384'),
(7, 44, 33, 'https://picsum.photos/800/1004'),
(8, 20, 97, 'https://picsum.photos/359/118'),
(9, 37, 62, 'https://picsum.photos/713/41'),
(10, 25, 46, 'https://picsum.photos/392/995'),
(11, 41, 74, 'https://dummyimage.com/764x335'),
(12, 13, 93, 'https://placekitten.com/932/3'),
(13, 48, 11, 'https://placekitten.com/878/848'),
(14, 39, 94, 'https://placekitten.com/500/974'),
(15, 30, 49, 'https://dummyimage.com/985x979'),
(16, 49, 57, 'https://placekitten.com/916/447'),
(17, 39, 78, 'https://picsum.photos/212/641'),
(18, 35, 69, 'https://dummyimage.com/760x585'),
(19, 21, 82, 'https://picsum.photos/537/698'),
(20, 12, 39, 'https://dummyimage.com/869x274'),
(21, 32, 83, 'https://placekitten.com/877/984'),
(22, 35, 79, 'https://dummyimage.com/295x412'),
(23, 16, 12, 'https://dummyimage.com/542x943'),
(24, 32, 19, 'https://dummyimage.com/443x134'),
(25, 29, 31, 'https://picsum.photos/659/56'),
(26, 4, 68, 'https://placekitten.com/40/390'),
(27, 41, 35, 'https://picsum.photos/614/79'),
(28, 33, 75, 'https://picsum.photos/406/824'),
(29, 42, 14, 'https://placekitten.com/914/420'),
(30, 12, 65, 'https://dummyimage.com/807x664'),
(31, 13, 75, 'https://placekitten.com/632/479'),
(32, 42, 47, 'https://dummyimage.com/520x592'),
(33, 48, 49, 'https://picsum.photos/952/1016'),
(34, 40, 31, 'https://picsum.photos/572/1022'),
(35, 9, 46, 'https://picsum.photos/568/266'),
(36, 35, 50, 'https://picsum.photos/999/1024'),
(37, 42, 47, 'https://placekitten.com/172/339'),
(38, 40, 86, 'https://dummyimage.com/18x178'),
(39, 20, 51, 'https://picsum.photos/141/768'),
(40, 34, 33, 'https://placekitten.com/768/391'),
(41, 46, 15, 'https://picsum.photos/494/257'),
(42, 14, 18, 'https://dummyimage.com/752x826'),
(43, 25, 13, 'https://dummyimage.com/297x1014'),
(44, 48, 4, 'https://dummyimage.com/602x310'),
(45, 4, 42, 'https://placekitten.com/932/147'),
(46, 42, 14, 'https://picsum.photos/381/368'),
(47, 33, 20, 'https://placekitten.com/157/772'),
(48, 25, 26, 'https://placekitten.com/404/52'),
(49, 9, 8, 'https://picsum.photos/280/278'),
(50, 12, 68, 'https://dummyimage.com/209x201'),
(51, 36, 7, 'https://placekitten.com/32/304'),
(52, 47, 76, 'https://picsum.photos/359/114'),
(53, 48, 99, 'https://picsum.photos/631/806'),
(54, 37, 25, 'https://picsum.photos/68/237'),
(55, 37, 13, 'https://picsum.photos/27/866'),
(56, 42, 50, 'https://picsum.photos/938/897'),
(57, 23, 11, 'https://placekitten.com/560/832'),
(58, 41, 20, 'https://dummyimage.com/88x7'),
(59, 5, 85, 'https://placekitten.com/1024/30'),
(60, 10, 7, 'https://picsum.photos/852/75'),
(61, 31, 26, 'https://picsum.photos/984/42'),
(62, 12, 60, 'https://dummyimage.com/479x568'),
(63, 29, 51, 'https://picsum.photos/170/758'),
(64, 41, 88, 'https://placekitten.com/252/697'),
(65, 38, 28, 'https://picsum.photos/0/600'),
(66, 31, 51, 'https://dummyimage.com/273x412'),
(67, 28, 42, 'https://placekitten.com/266/270'),
(68, 15, 13, 'https://placekitten.com/371/607'),
(69, 14, 61, 'https://picsum.photos/64/398'),
(70, 5, 66, 'https://placekitten.com/189/272'),
(71, 35, 49, 'https://dummyimage.com/338x275'),
(72, 18, 25, 'https://dummyimage.com/726x962'),
(73, 8, 16, 'https://dummyimage.com/970x791'),
(74, 10, 63, 'https://picsum.photos/225/737'),
(75, 18, 81, 'https://picsum.photos/298/586'),
(76, 29, 28, 'https://picsum.photos/116/599'),
(77, 44, 24, 'https://placekitten.com/339/791'),
(78, 30, 67, 'https://picsum.photos/84/932'),
(79, 47, 98, 'https://placekitten.com/258/962'),
(80, 49, 50, 'https://picsum.photos/931/376'),
(81, 25, 30, 'https://placekitten.com/166/138'),
(82, 19, 36, 'https://dummyimage.com/11x879'),
(83, 7, 59, 'https://dummyimage.com/932x644'),
(84, 41, 94, 'https://picsum.photos/475/60'),
(85, 35, 1, 'https://dummyimage.com/440x557'),
(86, 8, 64, 'https://placekitten.com/935/886'),
(87, 33, 73, 'https://placekitten.com/471/23'),
(88, 12, 69, 'https://placekitten.com/634/838'),
(89, 37, 91, 'https://placekitten.com/627/269'),
(90, 23, 83, 'https://placekitten.com/625/169'),
(91, 29, 93, 'https://placekitten.com/957/713'),
(92, 42, 89, 'https://dummyimage.com/371x356'),
(93, 7, 66, 'https://picsum.photos/673/430'),
(94, 37, 5, 'https://placekitten.com/779/461'),
(95, 37, 80, 'https://picsum.photos/133/792'),
(96, 14, 14, 'https://dummyimage.com/742x391'),
(97, 39, 64, 'https://picsum.photos/973/917'),
(98, 14, 41, 'https://placekitten.com/564/909'),
(99, 9, 79, 'https://dummyimage.com/661x208'),
(100, 11, 4, 'https://placekitten.com/24/785');

-- --------------------------------------------------------

--
-- Structure de la table `product`
--

DROP TABLE IF EXISTS `product`;
CREATE TABLE IF NOT EXISTS `product` (
  `id` int(11) NOT NULL AUTO_INCREMENT,
  `name` varchar(100) NOT NULL,
  `description` text DEFAULT NULL,
  `price` decimal(10,2) NOT NULL,
  `stock_quantity` int(11) NOT NULL,
  PRIMARY KEY (`id`)
) ENGINE=InnoDB AUTO_INCREMENT=201 DEFAULT CHARSET=utf8mb4 COLLATE=utf8mb4_general_ci;

--
-- Déchargement des données de la table `product`
--

INSERT INTO `product` (`id`, `name`, `description`, `price`, `stock_quantity`) VALUES
(1, 'party', 'Look many let significant well. Skin choice huge approach early such behind.', 105.16, 59),
(2, 'commercial', 'Letter red rest door buy. Office budget idea real. Pretty its mother.', 46.82, 30),
(3, 'tonight', 'Market relationship light six. Find question large early. Relate enter behind send tell.', 96.65, 37),
(4, 'wait', 'Late resource outside method trial night beautiful box. Whatever action benefit condition consumer approach.', 452.21, 42),
(5, 'road', 'Business animal purpose. Minute care prepare risk see more. Business enough player so ball personal.', 421.70, 42),
(6, 'control', 'Move identify six car response support.', 441.52, 7),
(7, 'reflect', 'Land sound even nature. Compare station radio mean staff. Home have employee record specific today TV her.', 377.42, 93),
(8, 'standard', 'Remember exactly fire personal line each. Despite theory movement within join. Follow air prevent subject dark theory.', 258.80, 68),
(9, 'learn', 'Front hot like popular market. Second central decade receive why every.', 428.79, 62),
(10, 'risk', 'Follow resource why spring and. Hour boy election hot could politics. Great then place series.', 481.27, 39),
(11, 'accept', 'Rock right nothing push collection industry suddenly ten. Central treatment entire could between. Food why tonight pretty project join necessary list. Song mean management manager tonight.', 44.99, 63),
(12, 'often', 'Require space serious evening themselves family.', 369.31, 63),
(13, 'prevent', 'Per study protect even item entire. Center second step.', 173.31, 16),
(14, 'phone', 'Away hear hear wear maintain sometimes. Figure senior its modern others source low. Executive dark country water.', 385.94, 57),
(15, 'its', 'Billion per about bag. Popular increase attack. Huge also road its.', 283.19, 13),
(16, 'policy', 'Gas cold product head. Another positive yard movement after. Movement though low court point for.', 321.19, 96),
(17, 'partner', 'Term morning present center late. Home indicate agreement data key task. Floor face reflect marriage arm.', 434.74, 63),
(18, 'medical', 'Themselves section couple at cup case. Civil today instead technology ask. Point pay director story production. Computer laugh sure.', 335.20, 30),
(19, 'trouble', 'Be staff structure each newspaper send. Value lead him throw suddenly ask.', 372.49, 84),
(20, 'early', 'Hold send seven strategy treat. Break past listen save religious old.', 204.92, 35),
(21, 'new', 'Minute open decision task.', 260.69, 32),
(22, 'father', 'Hotel over ground should story customer voice. These across resource push test fine despite.', 103.20, 88),
(23, 'bed', 'Ready relationship performance indicate. Trial task from increase though. Learn both institution hear religious structure. Mr reality add town draw.', 474.35, 54),
(24, 'bag', 'Bed movement bad grow relationship. Suffer project shake.', 239.98, 75),
(25, 'over', 'South poor teach. Sometimes democratic order operation without season. About way box best factor new field wrong. Act paper sea.', 28.18, 66),
(26, 'street', 'Expert phone marriage catch. Probably page change health fact. Issue huge after of toward yeah.', 239.95, 22),
(27, 'walk', 'Thing will common Congress. Then they play stage.', 445.27, 65),
(28, 'start', 'Deal kind foot on mouth situation why. Available car owner life talk model image so. To amount world company field up local. Interview leader action popular.', 381.65, 96),
(29, 'sign', 'Pay figure interesting million society purpose article. Range piece listen thought. Only enough good foreign chair.', 492.50, 7),
(30, 'develop', 'Station push stay with. Civil economic visit very lose take ever.', 45.70, 42),
(31, 'consumer', 'Significant car force wind market middle get. Environmental listen mention late. Thing build fish economic physical adult management.', 249.40, 46),
(32, 'process', 'Specific million time policy rise manager service. Great information help already hospital cell.', 232.45, 7),
(33, 'forget', 'Listen they turn half. Color usually summer push inside analysis.', 438.37, 1),
(34, 'thank', 'Partner along wide civil. Film ten democratic soldier finally.', 45.35, 59),
(35, 'down', 'Effort type happy. Executive bad join training thought century.', 75.88, 49),
(36, 'what', 'Itself become security now discuss change voice. Discover smile ask view beat clear. Mouth line physical behavior.', 273.50, 85),
(37, 'necessary', 'Guy world us. Store economic particular also. Stuff decide name message course design political. Western history series strategy.', 301.52, 8),
(38, 'guy', 'Race market dog civil see.', 409.99, 68),
(39, 'record', 'Leave set might there actually. Into who left whole performance ever night. Clear more huge relate order camera.', 218.63, 24),
(40, 'look', 'Quality ever leave region. Question benefit beyond.', 133.80, 53),
(41, 'bar', 'Stop anything lose create place.', 139.25, 86),
(42, 'stay', 'Education morning plant company successful off speech drive. Fire society visit late wait security. Middle open off Mrs point when.', 57.39, 68),
(43, 'shoulder', 'American black radio too wife.', 266.72, 35),
(44, 'people', 'Mind speak computer fine. Door young language effect. Their you section executive.', 288.36, 4),
(45, 'suddenly', 'Example light pull help. School show bed usually test of still. Foot bill quite heart.', 253.51, 25),
(46, 'red', 'Identify affect democratic successful. Local but build something.', 333.33, 66),
(47, 'right', 'Woman rise authority become reveal cell middle. Send bag daughter rule investment door summer.', 448.58, 49),
(48, 'raise', 'Individual clear happy bill hold. President tend than business claim evening camera.', 433.55, 40),
(49, 'husband', 'Sea together executive theory kitchen everyone watch. Brother candidate including forget seek news.', 52.99, 7),
(50, 'music', 'Treatment article growth themselves both. Soon page nation whether government notice oil. Herself threat charge do son manage ok. Still least draw person soldier.', 330.21, 33),
(51, 'development', 'Pm necessary bit instead candidate.', 297.40, 14),
(52, 'do', 'Movie floor because those grow back over. Be garden technology choice property campaign red our. Different agreement military environment fund improve. Kitchen tell score senior dinner.', 316.87, 12),
(53, 'scientist', 'Never have public relationship. Since sort force me best call. Movie year owner teach.', 256.31, 89),
(54, 'simply', 'Its specific capital should before not stay.', 20.72, 77),
(55, 'someone', 'Until possible activity. Top determine fly spend page yeah nation. Republican both myself southern recognize movement three. Bar kitchen every sense ability table enough.', 119.40, 48),
(56, 'cell', 'Central Republican blue. Billion white form bank. Mind account against white.', 208.10, 81),
(57, 'space', 'Organization prove reality activity present view.', 200.00, 60),
(58, 'day', 'Wide under program mother city position. Audience positive pick report hour. Itself service positive see.', 37.57, 60),
(59, 'southern', 'Claim phone artist want security since there. Night partner two her risk Congress. Life work against he property. Offer city hold begin learn.', 215.53, 50),
(60, 'wall', 'Continue behavior responsibility cost light full Congress. Gas whole blue provide walk consumer. Method but almost standard authority prevent federal.', 305.17, 50),
(61, 'let', 'Offer mean market line across. Republican statement work Mr. Training off responsibility according whatever step answer itself. Range executive act alone.', 210.28, 74),
(62, 'south', 'South list wife receive account situation. Ago will front far management.', 418.73, 41),
(63, 'get', 'Section value argue establish I.', 249.18, 2),
(64, 'while', 'Mind family develop gun. Accept style management education.', 382.30, 87),
(65, 'surface', 'After available participant spring open amount. Condition tonight win although officer rather agreement back. Structure system when pressure.', 468.37, 99),
(66, 'recent', 'Hospital knowledge show these explain can. Development involve morning land help contain.', 239.81, 7),
(67, 'season', 'Indeed what particular decade finally. Miss check often risk know left ok. Prevent green example out discuss ahead.', 100.29, 65),
(68, 'life', 'Mean ok major. Section college get right exist something wear now. Expect middle computer strategy. Fill character fast be instead maintain.', 290.21, 19),
(69, 'determine', 'Thousand appear here reality. Hot matter relationship during effort fish idea. His reason author evidence.', 28.43, 77),
(70, 'garden', 'Move significant feeling chair camera. Show fight issue born well indicate. Themselves knowledge local. Sit citizen daughter certain view.', 448.33, 94),
(71, 'whose', 'Source would however despite space yard political. Black hope factor fish mention green even. Reveal foot yeah find it treat.', 63.96, 88),
(72, 'goal', 'Indeed relate economy surface onto administration. Speak resource exactly upon history.', 446.53, 48),
(73, 'care', 'Wear actually actually back reflect. Water ever price themselves stop only.', 35.35, 39),
(74, 'military', 'Doctor system to attack serve. Deal itself his top then television.', 287.39, 72),
(75, 'outside', 'Too amount mean summer stuff believe. Energy customer detail some season maintain field easy. Report in marriage base level foreign at.', 181.21, 92),
(76, 'he', 'Training type skill artist enough. Tax voice give decision statement woman situation.', 446.63, 9),
(77, 'plan', 'Explain live family these next air. Land day though lay go report.', 226.80, 68),
(78, 'room', 'Big nearly decide power I office control clear. Performance hand seat leg head environmental. Grow size each fill place direction effort.', 66.74, 4),
(79, 'attorney', 'Decision prevent both whole similar. Yes eight fear because report dream. Watch quite world fund do.', 105.62, 7),
(80, 'shake', 'Leg until power may field fly window. Piece employee would east.', 78.56, 21),
(81, 'better', 'Must until owner. Involve realize key color rock big long. Information should effect major between some probably doctor.', 96.41, 3),
(82, 'any', 'Difference management whatever wide. Board likely authority save street. After ready strong development piece teach.', 426.15, 39),
(83, 'west', 'Together help bar memory both factor hot. Space Democrat visit place pattern.', 434.79, 61),
(84, 'middle', 'Seem music each sound card on. Suffer three thousand military. Vote week hear which technology trouble amount.', 376.56, 60),
(85, 'use', 'Second important expect price. Style market form how strong.', 209.72, 100),
(86, 'raise', 'Real issue movement forward painting ready former. Heart media realize before. Hot ready civil.', 431.24, 88),
(87, 'popular', 'Today discuss eye bed look military clearly. Strong listen ground both.', 192.89, 50),
(88, 'carry', 'More talk attention sell none trip eye health. Radio go group city especially. Contain institution hope protect.', 129.36, 2),
(89, 'agency', 'Author up special. Beautiful must bring. Group cut network kitchen firm house. Everybody level plan drop would leave billion.', 174.15, 95),
(90, 'once', 'Economy capital today scientist dog begin. Food into law miss. Understand start director view area economic piece career.', 39.31, 53),
(91, 'part', 'Commercial husband usually tree. System dark class including current.', 170.19, 56),
(92, 'south', 'Ground when administration cause spring. Goal would push. Few crime note concern writer first.', 181.26, 41),
(93, 'focus', 'Tax and participant deep. Building mission stand number social such certain.', 488.67, 76),
(94, 'doctor', 'Some bill expect close indicate article production sport.', 16.88, 41),
(95, 'six', 'Force church else. Player production wait worker treatment under.', 142.54, 85),
(96, 'through', 'Call network face gun instead imagine. Training administration budget population talk new particular.', 420.23, 52),
(97, 'professional', 'Once specific entire clear table technology. Class senior pass into he join. Term institution bring little question customer.', 96.63, 88),
(98, 'thought', 'Same question paper foreign. One summer door health though.', 322.74, 39),
(99, 'production', 'As few result particular door. Fall structure laugh along. True stuff none charge require.', 440.82, 56),
(100, 'television', 'Grow couple sense evening contain. Care natural talk compare past article these.', 248.29, 4),
(101, 'north', 'Reflect huge final resource remain chair along. Piece loss baby quite.', 218.33, 4),
(102, 'start', 'Employee language level. Range issue traditional help. Oil bit reveal seek cause reach food.', 19.92, 70),
(103, 'yourself', 'Ask piece position kitchen stand. Add let sign last official thus discover.', 114.60, 77),
(104, 'happen', 'Read book least plant travel catch. Smile want opportunity.', 189.35, 34),
(105, 'name', 'Way floor career consumer final same generation. Detail Democrat card everyone. Yet capital I so summer card sit measure.', 481.11, 24),
(106, 'top', 'Husband much agent. Play behavior administration hard sell bring.', 113.28, 12),
(107, 'second', 'Lead him before ago one environment community management.', 50.56, 74),
(108, 'plant', 'Movement age technology describe article. Mouth save chance want.', 111.74, 45),
(109, 'today', 'Everybody its white. Local value region today fire memory science. Article region many.', 310.58, 14),
(110, 'put', 'Top how authority interesting financial effort. There court commercial wind peace ever building. Raise drive book.', 136.17, 47),
(111, 'ok', 'Such nice begin professor list. Size by ten all development writer contain.', 416.65, 47),
(112, 'participant', 'Speak three clear remember several. Face feeling whether play. Clearly sister campaign relate. Peace meet look can no message.', 343.30, 19),
(113, 'claim', 'Big company entire name book.', 133.64, 18),
(114, 'quality', 'Yourself design draw hope west. President feel parent compare you simple.', 292.10, 58),
(115, 'then', 'Too cause a she. Bit environmental teach rule art everything government.', 316.69, 48),
(116, 'example', 'Option year knowledge member guy government model. Such never miss school student garden. Care natural born itself I.', 470.65, 56),
(117, 'seem', 'Clear statement similar interesting type whose. Apply he pull city seat indicate direction.', 189.25, 27),
(118, 'respond', 'Series blood each analysis cultural very young.', 428.50, 12),
(119, 'hotel', 'Notice others piece line water. Product over current identify service.', 257.33, 50),
(120, 'choose', 'All Republican history eat. Some woman writer then look form least provide. Science lawyer raise any summer.', 209.80, 15),
(121, 'protect', 'State charge fast push. Outside brother learn spring loss debate history. Range in despite money.', 40.33, 9),
(122, 'social', 'Parent arrive defense public. Research green prove dream sense. Mouth policy push particularly.', 367.31, 92),
(123, 'peace', 'Every practice change cause summer design traditional. Letter each economy owner affect.', 227.73, 94),
(124, 'option', 'Brother those deal often resource. Development any sing point hit. Follow ability many sister picture.', 422.75, 66),
(125, 'author', 'Nothing various seat cost itself institution break. Reason attack reality very. Skin price grow little peace run fly.', 223.30, 76),
(126, 'project', 'Sister them even simply executive. Try reveal safe time by whatever.', 110.60, 68),
(127, 'radio', 'She which public step reach. Area even meet knowledge summer. Manager win most thought others.', 189.36, 37),
(128, 'enough', 'Two speak law by throughout. No send environment. Fast cover space soon position.', 43.84, 46),
(129, 'should', 'Manager choose the only unit always. After plan significant better market decide hard friend. Lose kid sing house. Study enter trip suggest.', 485.89, 66),
(130, 'return', 'Technology happen choose spring. Mr reduce address step. Professional enough model perform under language past.', 158.38, 95),
(131, 'need', 'Continue anything hot yard. Yard event either help. Forget wish nice every lawyer board drop.', 146.49, 55),
(132, 'sit', 'Help maybe help city gas movement. Message politics add enjoy run.', 333.76, 28),
(133, 'his', 'Least movie will hope business other full teach. Artist vote lay blue thought total visit. Treat real less performance write fish.', 113.80, 7),
(134, 'enter', 'Government perhaps election discuss western might. Really miss wrong ten Republican know. Drive want hospital get hair street almost.', 456.43, 84),
(135, 'woman', 'Worker cause game up economy trial phone central. Require marriage tough heavy bring structure term. Yourself walk technology him.', 13.25, 44),
(136, 'approach', 'Explain prevent cup every better. Be always student despite night. Through very represent radio anyone.', 298.67, 86),
(137, 'clearly', 'Late staff building base not wish off. Next maybe agree effect nation teach. Movie current voice quality.', 320.56, 31),
(138, 'reach', 'Even sense throw during cup. Create threat field expert tax understand effect.', 209.10, 13),
(139, 'early', 'Go successful although step court detail much. Bit charge carry until health yet.', 425.80, 64),
(140, 'easy', 'Already we generation study. Look instead do official employee.', 486.94, 61),
(141, 'product', 'Especially standard real various short. Citizen bad everybody listen international interesting general. Sea need color effect training seek white.', 103.56, 52),
(142, 'common', 'Section room back boy tonight parent. Leg stuff ten fire light site performance he. Another identify process toward report.', 311.80, 27),
(143, 'skill', 'Interesting skin deep gun either particularly. Even century under common address. Everyone part hotel.', 449.65, 42),
(144, 'attorney', 'Service this goal training adult. Same skin go resource street develop. Community yes vote or campaign open.', 81.94, 71),
(145, 'us', 'Able movie everyone protect son billion.', 68.34, 67),
(146, 'professional', 'Writer use action father. Write road difference beautiful view. Realize increase until both.', 216.72, 25),
(147, 'as', 'Former his apply plan painting become possible. Group mean movie station ever. Foreign scientist option after back past.', 297.34, 52),
(148, 'card', 'Write attack red. Design week strong meeting south enjoy. Perform let establish because yourself detail third.', 87.10, 59),
(149, 'everything', 'Front southern eight. Have because must thousand. Whose effort citizen good not.', 382.75, 56),
(150, 'finish', 'Respond behavior case before. Evidence this wind mouth ability plant fast. Ready plan movie last laugh skill.', 369.40, 18),
(151, 'sport', 'Anything one never authority bank performance until expect. Available too draw less condition as make.', 452.47, 37),
(152, 'else', 'Send how agreement practice.', 320.21, 55),
(153, 'indicate', 'Ago organization decision image real. Happen practice tonight pay save data piece. Support which live product.', 325.67, 44),
(154, 'on', 'Our significant very. Beyond off perform some into mission red. But vote perform east develop.', 89.23, 13),
(155, 'rich', 'General time water camera expert surface left reflect. Agreement between style resource.', 252.22, 7),
(156, 'night', 'Kitchen challenge example. Themselves from ground seek point.', 425.79, 17),
(157, 'process', 'Reason house see TV around low plan. Season wind special director someone. Worry capital news despite spend place next maybe.', 148.82, 92),
(158, 'and', 'Sign produce sense issue approach computer. Exist situation son. Above decade step president.', 110.46, 35),
(159, 'here', 'Eye safe identify officer. Whatever research senior take all office body common. Admit second individual look.', 144.20, 21),
(160, 'hundred', 'Physical data open record agreement. Gas important from phone.', 413.86, 97),
(161, 'job', 'Hold six final free laugh. Operation trade lot perform career figure him paper.', 109.20, 70),
(162, 'relate', 'Condition culture hit detail. Shake actually sing onto year from.', 466.71, 21),
(163, 'early', 'No write guy environmental there. Knowledge choose medical image term. Throw state offer ground prepare value need.', 351.87, 52),
(164, 'kitchen', 'Market catch interest compare or. Individual expect onto green. Style station together order media particularly.', 495.31, 84),
(165, 'care', 'Likely sea often authority. Left least full operation.', 359.64, 87),
(166, 'bar', 'Create clearly along work. Big happy agreement require know sing. Sea allow so card such.', 242.72, 92),
(167, 'become', 'Use different authority born. Prove role environment final like impact.', 101.10, 30),
(168, 'however', 'Suggest especially something travel. Machine note probably management.', 361.55, 77),
(169, 'account', 'Practice property plan stop story nation million. Against serve the free cultural forget. Prove economy send story American cultural.', 237.48, 44),
(170, 'spring', 'According speech available bank ball face among attention. Born medical attorney total. Commercial not author wear. Describe analysis yard prepare same meet wish.', 337.00, 81),
(171, 'call', 'Edge to fear seem Mr stage. Police generation owner road. Travel century rise recognize.', 29.84, 36),
(172, 'as', 'Forget just democratic while. Interesting security forward month together to. Member own season rich modern. Leader book talk by.', 196.80, 86),
(173, 'fine', 'Father seek music music success treatment. Chair star food. Star make store fall future conference. Relationship first lay image.', 265.43, 31),
(174, 'stop', 'Speech coach far light. Knowledge south size more finish tough part. History Democrat forward project part range floor animal.', 99.40, 99),
(175, 'student', 'Up assume grow friend. Own every necessary many health fact.', 118.51, 50),
(176, 'few', 'Change bring important blue forget plant stop. Pay television whole character admit wish.', 87.16, 89),
(177, 'how', 'Coach impact true shoulder whose sound perform president. Although including pattern test soon.', 315.88, 95),
(178, 'watch', 'Why cost her expect adult score. Give already hotel serious plant. Situation collection local above low.', 291.92, 11),
(179, 'end', 'Inside worry provide sport skin child. Require have discuss test anything situation. Drive a business around property bad.', 74.62, 72),
(180, 'Republican', 'No before something.', 67.14, 68),
(181, 'fact', 'Camera very them blood wide three attention. Management end benefit PM talk sit figure. Better north reach direction.', 463.85, 84),
(182, 'ability', 'Explain goal general claim. Political choose herself production get statement little. Professor scene fund building happen whom.', 129.64, 20),
(183, 'three', 'Herself pull own respond opportunity billion. Maintain purpose several stand marriage affect must.', 429.15, 25),
(184, 'deal', 'Build father serve. Simply very discover notice by material safe must.', 12.63, 6),
(185, 'central', 'Cell admit parent military try source.', 196.62, 16),
(186, 'become', 'Sometimes drop close opportunity nature certain how. Success see dinner great law reach second. Not discuss one machine enough hospital painting.', 28.13, 97),
(187, 'property', 'Focus arm operation those community career hospital member. Focus impact force challenge good positive.', 132.31, 65),
(188, 'wind', 'Last see Republican star. Society statement true project decade be stay. Perhaps religious interview finally wait three.', 489.60, 48),
(189, 'citizen', 'Debate hard specific person doctor parent.', 73.79, 9),
(190, 'everyone', 'Baby traditional behind another few. Own join simple age staff.', 184.71, 29),
(191, 'actually', 'Into vote director culture similar music. Guess leg old sometimes everybody speech side. Position then instead trial also.', 473.32, 24),
(192, 'international', 'Realize firm another lose. Address authority leave rate benefit.', 214.76, 44),
(193, 'media', 'Quality deal difference general fund medical. Last listen figure social here happen.', 333.78, 60),
(194, 'law', 'With hospital especially. Different tell enjoy same.', 326.52, 46),
(195, 'get', 'Same we night class begin arm improve my. Organization your property cold cause. Wish large about democratic discover. Medical hit air buy reflect somebody.', 220.41, 14),
(196, 'allow', 'Drive pull significant occur break eat. Detail hear most friend yeah picture do. Someone ball open brother security upon often future.', 70.32, 99),
(197, 'about', 'Down seven shoulder something popular land Democrat claim. Report computer cover good song great plan. Let window prove necessary audience yard money.', 207.54, 16),
(198, 'beat', 'But she today best. Forward sport probably smile. Source several sister perform state.', 274.36, 79),
(199, 'throw', 'Contain around task hold upon sign. Whatever like song former chance season. Focus hour behavior business discussion collection.', 318.80, 11),
(200, 'and', 'Image plan form audience. Single always accept building. Pay treatment life kitchen industry magazine.', 492.86, 89);

-- --------------------------------------------------------

--
-- Structure de la table `users`
--

DROP TABLE IF EXISTS `users`;
CREATE TABLE IF NOT EXISTS `users` (
  `id` int(11) NOT NULL AUTO_INCREMENT,
  `username` varchar(50) NOT NULL,
  `password_hash` varchar(255) NOT NULL,
  `email` varchar(100) NOT NULL,
  `first_name` varchar(50) DEFAULT NULL,
  `last_name` varchar(50) DEFAULT NULL,
  `phone_number` varchar(15) DEFAULT NULL,
  PRIMARY KEY (`id`)
) ENGINE=InnoDB AUTO_INCREMENT=101 DEFAULT CHARSET=utf8mb4 COLLATE=utf8mb4_general_ci;

--
-- Déchargement des données de la table `users`
--

INSERT INTO `users` (`id`, `username`, `password_hash`, `email`, `first_name`, `last_name`, `phone_number`) VALUES
(1, 'kelseyvaldez', '5e884898da28047151d0e56f8dc6292773603d0d6aabbdd62a11ef721d1542d8', 'brianna55@example.org', 'Tracy', 'Rogers', '342-403-2478x28'),
(2, 'greenderrick', '5e884898da28047151d0e56f8dc6292773603d0d6aabbdd62a11ef721d1542d8', 'jgrant@example.net', 'John', 'Melton', '(687)211-9435'),
(3, 'smartin', '5e884898da28047151d0e56f8dc6292773603d0d6aabbdd62a11ef721d1542d8', 'christinawatson@example.org', 'Holly', 'Roth', '+1-935-623-7950'),
(4, 'foxmartin', '5e884898da28047151d0e56f8dc6292773603d0d6aabbdd62a11ef721d1542d8', 'amanda24@example.com', 'Angela', 'Martin', '899-345-2322x71'),
(5, 'hendrixkent', '5e884898da28047151d0e56f8dc6292773603d0d6aabbdd62a11ef721d1542d8', 'ljackson@example.org', 'Stephanie', 'Hardin', '(672)619-4921'),
(6, 'osbornedaniel', '5e884898da28047151d0e56f8dc6292773603d0d6aabbdd62a11ef721d1542d8', 'miguel83@example.com', 'Kara', 'Carter', '001-581-840-360'),
(7, 'zlawrence', '5e884898da28047151d0e56f8dc6292773603d0d6aabbdd62a11ef721d1542d8', 'jwright@example.com', 'Michael', 'Turner', '001-246-607-845'),
(8, 'marie89', '5e884898da28047151d0e56f8dc6292773603d0d6aabbdd62a11ef721d1542d8', 'collin07@example.com', 'Melissa', 'Parrish', '(348)591-0373'),
(9, 'karenrivera', '5e884898da28047151d0e56f8dc6292773603d0d6aabbdd62a11ef721d1542d8', 'isaac55@example.org', 'Jamie', 'Green', '(894)410-5126x4'),
(10, 'landerson', '5e884898da28047151d0e56f8dc6292773603d0d6aabbdd62a11ef721d1542d8', 'tbrown@example.com', 'Alexander', 'Cox', '523.631.6659'),
(11, 'antonio74', '5e884898da28047151d0e56f8dc6292773603d0d6aabbdd62a11ef721d1542d8', 'tonyaryan@example.com', 'Erica', 'Rodriguez', '(950)379-5863x3'),
(12, 'scott20', '5e884898da28047151d0e56f8dc6292773603d0d6aabbdd62a11ef721d1542d8', 'fleminglori@example.org', 'Vanessa', 'Cole', '+1-300-394-3818'),
(13, 'kelly41', '5e884898da28047151d0e56f8dc6292773603d0d6aabbdd62a11ef721d1542d8', 'amy16@example.net', 'Karen', 'Thomas', '+1-242-774-4239'),
(14, 'armstrongheather', '5e884898da28047151d0e56f8dc6292773603d0d6aabbdd62a11ef721d1542d8', 'joseallen@example.com', 'Scott', 'Kelley', '(231)405-7559x0'),
(15, 'ugeorge', '5e884898da28047151d0e56f8dc6292773603d0d6aabbdd62a11ef721d1542d8', 'hansoncody@example.net', 'Shelby', 'Stevens', '001-625-313-367'),
(16, 'troy80', '5e884898da28047151d0e56f8dc6292773603d0d6aabbdd62a11ef721d1542d8', 'timothybutler@example.net', 'Robert', 'Green', '646-317-2823x96'),
(17, 'susan01', '5e884898da28047151d0e56f8dc6292773603d0d6aabbdd62a11ef721d1542d8', 'rboyd@example.net', 'Victoria', 'Murphy', '+1-286-471-7543'),
(18, 'starkmichael', '5e884898da28047151d0e56f8dc6292773603d0d6aabbdd62a11ef721d1542d8', 'rebecca00@example.com', 'Tiffany', 'Richards', '001-522-547-803'),
(19, 'kristine18', '5e884898da28047151d0e56f8dc6292773603d0d6aabbdd62a11ef721d1542d8', 'debramiller@example.org', 'Ashley', 'Parker', '+1-350-596-0856'),
(20, 'henrynatasha', '5e884898da28047151d0e56f8dc6292773603d0d6aabbdd62a11ef721d1542d8', 'stephenmitchell@example.org', 'Philip', 'Collins', '001-980-358-444'),
(21, 'nicholsbradley', '5e884898da28047151d0e56f8dc6292773603d0d6aabbdd62a11ef721d1542d8', 'emilygonzalez@example.org', 'Christian', 'Diaz', '223.281.5958'),
(22, 'michaelmunoz', '5e884898da28047151d0e56f8dc6292773603d0d6aabbdd62a11ef721d1542d8', 'josedrake@example.com', 'John', 'Miller', '+1-351-505-1055'),
(23, 'ntyler', '5e884898da28047151d0e56f8dc6292773603d0d6aabbdd62a11ef721d1542d8', 'leslie89@example.org', 'Victoria', 'Sandoval', '(958)284-2996'),
(24, 'hsilva', '5e884898da28047151d0e56f8dc6292773603d0d6aabbdd62a11ef721d1542d8', 'turnerteresa@example.net', 'Matthew', 'Robles', '+1-610-299-7558'),
(25, 'manuelbailey', '5e884898da28047151d0e56f8dc6292773603d0d6aabbdd62a11ef721d1542d8', 'michael53@example.org', 'Timothy', 'Blanchard', '(621)964-5767x2'),
(26, 'christopherlee', '5e884898da28047151d0e56f8dc6292773603d0d6aabbdd62a11ef721d1542d8', 'lynchrebecca@example.com', 'Joann', 'Case', '603.782.4693'),
(27, 'coxsonya', '5e884898da28047151d0e56f8dc6292773603d0d6aabbdd62a11ef721d1542d8', 'dbell@example.net', 'Dennis', 'Bennett', '596-616-9362'),
(28, 'williamjenkins', '5e884898da28047151d0e56f8dc6292773603d0d6aabbdd62a11ef721d1542d8', 'william91@example.net', 'Peter', 'Taylor', '932.320.4924x92'),
(29, 'ztodd', '5e884898da28047151d0e56f8dc6292773603d0d6aabbdd62a11ef721d1542d8', 'ricardoyoung@example.net', 'Charles', 'Martinez', '(331)474-8520x3'),
(30, 'wanda11', '5e884898da28047151d0e56f8dc6292773603d0d6aabbdd62a11ef721d1542d8', 'brownanthony@example.com', 'Jessica', 'Barr', '610-239-9255x56'),
(31, 'richard67', '5e884898da28047151d0e56f8dc6292773603d0d6aabbdd62a11ef721d1542d8', 'uwest@example.org', 'Rebecca', 'Anderson', '993-634-9043x23'),
(32, 'angelawilson', '5e884898da28047151d0e56f8dc6292773603d0d6aabbdd62a11ef721d1542d8', 'sarahmorgan@example.com', 'Samantha', 'Brooks', '804.557.1989'),
(33, 'oscarwinters', '5e884898da28047151d0e56f8dc6292773603d0d6aabbdd62a11ef721d1542d8', 'ashley03@example.com', 'Danny', 'Mcmillan', '5097071021'),
(34, 'kimcruz', '5e884898da28047151d0e56f8dc6292773603d0d6aabbdd62a11ef721d1542d8', 'veronicalopez@example.com', 'Dylan', 'Thompson', '+1-980-824-7637'),
(35, 'erikavasquez', '5e884898da28047151d0e56f8dc6292773603d0d6aabbdd62a11ef721d1542d8', 'markterry@example.org', 'Anthony', 'Neal', '867-864-2144x82'),
(36, 'oreed', '5e884898da28047151d0e56f8dc6292773603d0d6aabbdd62a11ef721d1542d8', 'sarahparks@example.com', 'Heidi', 'Franklin', '748-340-4096x92'),
(37, 'xrivera', '5e884898da28047151d0e56f8dc6292773603d0d6aabbdd62a11ef721d1542d8', 'markpeterson@example.net', 'Jonathan', 'Evans', '264-277-0223x90'),
(38, 'colemanwendy', '5e884898da28047151d0e56f8dc6292773603d0d6aabbdd62a11ef721d1542d8', 'lori80@example.org', 'Robert', 'Maddox', '001-860-808-786'),
(39, 'ypotts', '5e884898da28047151d0e56f8dc6292773603d0d6aabbdd62a11ef721d1542d8', 'twolf@example.net', 'James', 'Williams', '705.230.1816x78'),
(40, 'vking', '5e884898da28047151d0e56f8dc6292773603d0d6aabbdd62a11ef721d1542d8', 'debracohen@example.org', 'Regina', 'Brown', '001-468-860-721'),
(41, 'katherinepayne', '5e884898da28047151d0e56f8dc6292773603d0d6aabbdd62a11ef721d1542d8', 'larnold@example.net', 'Timothy', 'Williams', '(440)917-1567x3'),
(42, 'edwardwhitehead', '5e884898da28047151d0e56f8dc6292773603d0d6aabbdd62a11ef721d1542d8', 'victoriagonzales@example.com', 'Angela', 'Wheeler', '001-637-522-318'),
(43, 'joy70', '5e884898da28047151d0e56f8dc6292773603d0d6aabbdd62a11ef721d1542d8', 'robertbrown@example.org', 'Karen', 'Pena', '(849)604-5503'),
(44, 'stevehartman', '5e884898da28047151d0e56f8dc6292773603d0d6aabbdd62a11ef721d1542d8', 'cheyennedavis@example.org', 'Dustin', 'Vasquez', '780.578.7351'),
(45, 'alewis', '5e884898da28047151d0e56f8dc6292773603d0d6aabbdd62a11ef721d1542d8', 'wblackburn@example.org', 'Desiree', 'Mclaughlin', '701.641.2950'),
(46, 'victoriacox', '5e884898da28047151d0e56f8dc6292773603d0d6aabbdd62a11ef721d1542d8', 'angela20@example.org', 'Joel', 'Reed', '001-513-589-930'),
(47, 'kochkeith', '5e884898da28047151d0e56f8dc6292773603d0d6aabbdd62a11ef721d1542d8', 'ugarcia@example.com', 'Tiffany', 'Nelson', '+1-825-426-9733'),
(48, 'reneejohnson', '5e884898da28047151d0e56f8dc6292773603d0d6aabbdd62a11ef721d1542d8', 'richardwillis@example.net', 'Sherry', 'Baldwin', '534-255-8510x01'),
(49, 'castilloamber', '5e884898da28047151d0e56f8dc6292773603d0d6aabbdd62a11ef721d1542d8', 'rachel76@example.net', 'Deanna', 'Johnson', '509.997.9983x75'),
(50, 'qgordon', '5e884898da28047151d0e56f8dc6292773603d0d6aabbdd62a11ef721d1542d8', 'kkelly@example.net', 'Mary', 'Cowan', '001-510-758-849'),
(51, 'whitney04', '5e884898da28047151d0e56f8dc6292773603d0d6aabbdd62a11ef721d1542d8', 'benjamin73@example.org', 'Douglas', 'Taylor', '981.963.7774x57'),
(52, 'awilliams', '5e884898da28047151d0e56f8dc6292773603d0d6aabbdd62a11ef721d1542d8', 'tracyholmes@example.com', 'Katherine', 'Allen', '+1-363-401-4370'),
(53, 'sarahhunt', '5e884898da28047151d0e56f8dc6292773603d0d6aabbdd62a11ef721d1542d8', 'edwardwiggins@example.net', 'Randy', 'Castillo', '+1-233-738-4656'),
(54, 'shanekelly', '5e884898da28047151d0e56f8dc6292773603d0d6aabbdd62a11ef721d1542d8', 'johnsondanielle@example.net', 'Teresa', 'Conway', '(761)998-6623'),
(55, 'camachoshelly', '5e884898da28047151d0e56f8dc6292773603d0d6aabbdd62a11ef721d1542d8', 'joseph57@example.org', 'Jake', 'Beltran', '001-488-609-622'),
(56, 'cindymurray', '5e884898da28047151d0e56f8dc6292773603d0d6aabbdd62a11ef721d1542d8', 'sean35@example.org', 'Dennis', 'Perez', '451-940-3816'),
(57, 'amandahill', '5e884898da28047151d0e56f8dc6292773603d0d6aabbdd62a11ef721d1542d8', 'kaitlynhammond@example.net', 'Jennifer', 'Brown', '+1-424-592-8946'),
(58, 'thorntonmario', '5e884898da28047151d0e56f8dc6292773603d0d6aabbdd62a11ef721d1542d8', 'christinehorn@example.org', 'Mary', 'Townsend', '(980)875-6241x7'),
(59, 'fishermatthew', '5e884898da28047151d0e56f8dc6292773603d0d6aabbdd62a11ef721d1542d8', 'brownjulian@example.org', 'Samantha', 'Powell', '413-835-8754x10'),
(60, 'pamela05', '5e884898da28047151d0e56f8dc6292773603d0d6aabbdd62a11ef721d1542d8', 'parrishsteven@example.net', 'Zachary', 'Rosario', '527-620-8956'),
(61, 'wellskyle', '5e884898da28047151d0e56f8dc6292773603d0d6aabbdd62a11ef721d1542d8', 'martinkeith@example.org', 'Elizabeth', 'Christensen', '+1-671-470-2640'),
(62, 'asweeney', '5e884898da28047151d0e56f8dc6292773603d0d6aabbdd62a11ef721d1542d8', 'ryan63@example.org', 'Greg', 'White', '5543948732'),
(63, 'elizabeth93', '5e884898da28047151d0e56f8dc6292773603d0d6aabbdd62a11ef721d1542d8', 'dharris@example.com', 'Caroline', 'Schmidt', '(841)202-4821x7'),
(64, 'uadams', '5e884898da28047151d0e56f8dc6292773603d0d6aabbdd62a11ef721d1542d8', 'isullivan@example.com', 'Dawn', 'Thomas', '619.961.7422x99'),
(65, 'harrisonbrenda', '5e884898da28047151d0e56f8dc6292773603d0d6aabbdd62a11ef721d1542d8', 'murrayjames@example.com', 'Teresa', 'Morris', '001-895-468-362'),
(66, 'gsanders', '5e884898da28047151d0e56f8dc6292773603d0d6aabbdd62a11ef721d1542d8', 'jasonjones@example.org', 'Emily', 'Wilson', '(264)207-2713x8'),
(67, 'johnny34', '5e884898da28047151d0e56f8dc6292773603d0d6aabbdd62a11ef721d1542d8', 'kevinmartin@example.net', 'Alison', 'Dickerson', '8927148934'),
(68, 'lauragriffith', '5e884898da28047151d0e56f8dc6292773603d0d6aabbdd62a11ef721d1542d8', 'ncooper@example.net', 'Anthony', 'Wheeler', '(269)519-7910'),
(69, 'eugene46', '5e884898da28047151d0e56f8dc6292773603d0d6aabbdd62a11ef721d1542d8', 'pkey@example.net', 'Michael', 'Paul', '001-865-945-704'),
(70, 'warrenhannah', '5e884898da28047151d0e56f8dc6292773603d0d6aabbdd62a11ef721d1542d8', 'patty09@example.com', 'Jason', 'Chambers', '607-545-7560'),
(71, 'rossrichard', '5e884898da28047151d0e56f8dc6292773603d0d6aabbdd62a11ef721d1542d8', 'kyle45@example.com', 'Tiffany', 'Trevino', '(852)777-4683'),
(72, 'adamsjeff', '5e884898da28047151d0e56f8dc6292773603d0d6aabbdd62a11ef721d1542d8', 'laura21@example.com', 'Laura', 'Chavez', '2488783835'),
(73, 'pskinner', '5e884898da28047151d0e56f8dc6292773603d0d6aabbdd62a11ef721d1542d8', 'dylanallen@example.com', 'Sheryl', 'Williams', '+1-529-368-1272'),
(74, 'odaniel', '5e884898da28047151d0e56f8dc6292773603d0d6aabbdd62a11ef721d1542d8', 'zwright@example.net', 'Mark', 'Stewart', '736-347-5853x32'),
(75, 'georgegallegos', '5e884898da28047151d0e56f8dc6292773603d0d6aabbdd62a11ef721d1542d8', 'stephenzhang@example.com', 'Nancy', 'Williamson', '001-549-352-094'),
(76, 'brittany97', '5e884898da28047151d0e56f8dc6292773603d0d6aabbdd62a11ef721d1542d8', 'alicegarner@example.com', 'Krystal', 'Lopez', '511.989.9829x74'),
(77, 'lwalker', '5e884898da28047151d0e56f8dc6292773603d0d6aabbdd62a11ef721d1542d8', 'bdonaldson@example.net', 'Lisa', 'Thompson', '7456734460'),
(78, 'vrichards', '5e884898da28047151d0e56f8dc6292773603d0d6aabbdd62a11ef721d1542d8', 'vhart@example.org', 'Jackie', 'Blackburn', '5114601936'),
(79, 'nhansen', '5e884898da28047151d0e56f8dc6292773603d0d6aabbdd62a11ef721d1542d8', 'mcdonaldevan@example.net', 'Tim', 'Lowe', '001-262-842-445'),
(80, 'ashleyshaw', '5e884898da28047151d0e56f8dc6292773603d0d6aabbdd62a11ef721d1542d8', 'rwiley@example.org', 'Jennifer', 'Baldwin', '486-708-4152x45'),
(81, 'derrick73', '5e884898da28047151d0e56f8dc6292773603d0d6aabbdd62a11ef721d1542d8', 'kellytapia@example.com', 'Jillian', 'Hunter', '448-277-7205x64'),
(82, 'ryanchan', '5e884898da28047151d0e56f8dc6292773603d0d6aabbdd62a11ef721d1542d8', 'fbrooks@example.org', 'Rebekah', 'Scott', '+1-798-784-9286'),
(83, 'diana82', '5e884898da28047151d0e56f8dc6292773603d0d6aabbdd62a11ef721d1542d8', 'hawkinsbelinda@example.com', 'Sheryl', 'Vance', '+1-368-907-4694'),
(84, 'gordonandrade', '5e884898da28047151d0e56f8dc6292773603d0d6aabbdd62a11ef721d1542d8', 'gonzalesangel@example.com', 'Christy', 'Fitzgerald', '527.938.9462x67'),
(85, 'andrew87', '5e884898da28047151d0e56f8dc6292773603d0d6aabbdd62a11ef721d1542d8', 'afleming@example.net', 'Tonya', 'Jackson', '(660)361-8086x3'),
(86, 'arobertson', '5e884898da28047151d0e56f8dc6292773603d0d6aabbdd62a11ef721d1542d8', 'oking@example.net', 'Jillian', 'Richardson', '365.898.7655'),
(87, 'harrisdonna', '5e884898da28047151d0e56f8dc6292773603d0d6aabbdd62a11ef721d1542d8', 'dawn20@example.com', 'Amanda', 'Bates', '373.354.7004x15'),
(88, 'jennifer28', '5e884898da28047151d0e56f8dc6292773603d0d6aabbdd62a11ef721d1542d8', 'jenniferrobertson@example.com', 'Melissa', 'Keller', '856-372-2676x08'),
(89, 'amueller', '5e884898da28047151d0e56f8dc6292773603d0d6aabbdd62a11ef721d1542d8', 'wadeamy@example.org', 'Eric', 'Wang', '443.399.5802x33'),
(90, 'rperry', '5e884898da28047151d0e56f8dc6292773603d0d6aabbdd62a11ef721d1542d8', 'johngarcia@example.net', 'Danny', 'Ward', '321-892-5730'),
(91, 'riosedward', '5e884898da28047151d0e56f8dc6292773603d0d6aabbdd62a11ef721d1542d8', 'johnathan44@example.org', 'Jenny', 'Friedman', '5387959342'),
(92, 'robin79', '5e884898da28047151d0e56f8dc6292773603d0d6aabbdd62a11ef721d1542d8', 'waltercarter@example.org', 'Ashley', 'Duffy', '+1-662-925-4823'),
(93, 'pughjesse', '5e884898da28047151d0e56f8dc6292773603d0d6aabbdd62a11ef721d1542d8', 'roy61@example.net', 'Leroy', 'Hanna', '689.504.1685x23'),
(94, 'yroman', '5e884898da28047151d0e56f8dc6292773603d0d6aabbdd62a11ef721d1542d8', 'cranepaige@example.net', 'James', 'Murphy', '5255733372'),
(95, 'stephaniestanley', '5e884898da28047151d0e56f8dc6292773603d0d6aabbdd62a11ef721d1542d8', 'steven29@example.org', 'Jessica', 'Cole', '001-551-419-629'),
(96, 'robert45', '5e884898da28047151d0e56f8dc6292773603d0d6aabbdd62a11ef721d1542d8', 'tblair@example.org', 'Lawrence', 'Phillips', '455-334-6368x16'),
(97, 'yhowell', '5e884898da28047151d0e56f8dc6292773603d0d6aabbdd62a11ef721d1542d8', 'woodscory@example.com', 'Garrett', 'Baker', '(549)379-1124'),
(98, 'nscott', '5e884898da28047151d0e56f8dc6292773603d0d6aabbdd62a11ef721d1542d8', 'slopez@example.net', 'Bradley', 'Boyd', '001-484-573-543'),
(99, 'reginald83', '5e884898da28047151d0e56f8dc6292773603d0d6aabbdd62a11ef721d1542d8', 'cnguyen@example.com', 'Dustin', 'Watts', '939.989.7875x15'),
(100, 'joshuaroberts', '5e884898da28047151d0e56f8dc6292773603d0d6aabbdd62a11ef721d1542d8', 'jasonjohnston@example.org', 'Janet', 'Payne', '325-881-8434x13');

--
-- Contraintes pour les tables déchargées
--

--
-- Contraintes pour la table `address`
--
ALTER TABLE `address`
  ADD CONSTRAINT `address_ibfk_1` FOREIGN KEY (`users_id`) REFERENCES `users` (`id`);

--
-- Contraintes pour la table `cart`
--
ALTER TABLE `cart`
  ADD CONSTRAINT `cart_ibfk_1` FOREIGN KEY (`users_id`) REFERENCES `users` (`id`);

--
-- Contraintes pour la table `cart_item`
--
ALTER TABLE `cart_item`
  ADD CONSTRAINT `cart_item_ibfk_1` FOREIGN KEY (`cart_id`) REFERENCES `cart` (`id`),
  ADD CONSTRAINT `cart_item_ibfk_2` FOREIGN KEY (`product_id`) REFERENCES `product` (`id`);

--
-- Contraintes pour la table `command`
--
ALTER TABLE `command`
  ADD CONSTRAINT `command_ibfk_1` FOREIGN KEY (`cart_id`) REFERENCES `cart` (`id`);

--
-- Contraintes pour la table `invoices`
--
ALTER TABLE `invoices`
  ADD CONSTRAINT `invoices_ibfk_1` FOREIGN KEY (`command_id`) REFERENCES `command` (`id`);

--
-- Contraintes pour la table `payment`
--
ALTER TABLE `payment`
  ADD CONSTRAINT `payment_ibfk_1` FOREIGN KEY (`users_id`) REFERENCES `users` (`id`);

--
-- Contraintes pour la table `photo`
--
ALTER TABLE `photo`
  ADD CONSTRAINT `photo_ibfk_1` FOREIGN KEY (`users_id`) REFERENCES `users` (`id`),
  ADD CONSTRAINT `photo_ibfk_2` FOREIGN KEY (`product_id`) REFERENCES `product` (`id`);
COMMIT;

/*!40101 SET CHARACTER_SET_CLIENT=@OLD_CHARACTER_SET_CLIENT */;
/*!40101 SET CHARACTER_SET_RESULTS=@OLD_CHARACTER_SET_RESULTS */;
/*!40101 SET COLLATION_CONNECTION=@OLD_COLLATION_CONNECTION */;
